{
  "events_invited": [
    {
      "name": "Or Provide",
      "start_timestamp": 1576710000,
      "end_timestamp": 0
    },
    {
      "name": "Role Part",
      "start_timestamp": 1576796400,
      "end_timestamp": 0
    },
    {
      "name": "Here Young",
      "start_timestamp": 1578006000,
      "end_timestamp": 1578265200
    },
    {
      "name": "As Wish Not",
      "start_timestamp": 1577487600,
      "end_timestamp": 1577660400
    },
    {
      "name": "Interesting",
      "start_timestamp": 1577055600,
      "end_timestamp": 0
    },
    {
      "name": "Wrong Rock",
      "start_timestamp": 1576537200,
      "end_timestamp": 1578006000
    },
    {
      "name": "City Smile",
      "start_timestamp": 1576450800,
      "end_timestamp": 1576191600
    },
    {
      "name": "Increase Focus",
      "start_timestamp": 1577746800,
      "end_timestamp": 1578524400
    },
    {
      "name": "Participant",
      "start_timestamp": 1576882800,
      "end_timestamp": 1578092400
    },
    {
      "name": "Morning Skill",
      "start_timestamp": 1577660400,
      "end_timestamp": 1578265200
    },
    {
      "name": "Blood Never",
      "start_timestamp": 1577055600,
      "end_timestamp": 1577919600
    },
    {
      "name": "College Own",
      "start_timestamp": 1577919600,
      "end_timestamp": 0
    },
    {
      "name": "That Always",
      "start_timestamp": 1576796400,
      "end_timestamp": 1577919600
    },
    {
      "name": "I Research Fall",
      "start_timestamp": 1576191600,
      "end_timestamp": 1577401200
    },
    {
      "name": "Animal Wait",
      "start_timestamp": 1576969200,
      "end_timestamp": 1576105200
    },
    {
      "name": "Away College",
      "start_timestamp": 1577746800,
      "end_timestamp": 1576796400
    },
    {
      "name": "Summer Bar",
      "start_timestamp": 1577574000,
      "end_timestamp": 1576623600
    },
    {
      "name": "Above High",
      "start_timestamp": 1577314800,
      "end_timestamp": 0
    },
    {
      "name": "Stuff Single",
      "start_timestamp": 1576191600,
      "end_timestamp": 1577660400
    },
    {
      "name": "Compare Art",
      "start_timestamp": 1577919600,
      "end_timestamp": 1578178800
    },
    {
      "name": "Test Free More",
      "start_timestamp": 1576710000,
      "end_timestamp": 1576623600
    },
    {
      "name": "Certainly",
      "start_timestamp": 1577746800,
      "end_timestamp": 1576191600
    },
    {
      "name": "Field Next",
      "start_timestamp": 1576364400,
      "end_timestamp": 1577574000
    },
    {
      "name": "Experience",
      "start_timestamp": 1577574000,
      "end_timestamp": 1576364400
    },
    {
      "name": "Eye Its",
      "start_timestamp": 1578351600,
      "end_timestamp": 1577401200
    },
    {
      "name": "Offer Too Foot",
      "start_timestamp": 1577833200,
      "end_timestamp": 1577228400
    },
    {
      "name": "Board Them",
      "start_timestamp": 1577660400,
      "end_timestamp": 1576882800
    },
    {
      "name": "Rest Attorney",
      "start_timestamp": 1577746800,
      "end_timestamp": 1576882800
    },
    {
      "name": "Skill Provide",
      "start_timestamp": 1576882800,
      "end_timestamp": 1576191600
    },
    {
      "name": "Keep Street",
      "start_timestamp": 1577919600,
      "end_timestamp": 1577574000
    },
    {
      "name": "Item Must Open",
      "start_timestamp": 1577574000,
      "end_timestamp": 1576710000
    },
    {
      "name": "Simply World",
      "start_timestamp": 1577574000,
      "end_timestamp": 0
    },
    {
      "name": "Group Consumer",
      "start_timestamp": 1577314800,
      "end_timestamp": 1577833200
    },
    {
      "name": "Piece Tough",
      "start_timestamp": 1577401200,
      "end_timestamp": 1576969200
    },
    {
      "name": "Stuff Young Now",
      "start_timestamp": 1577055600,
      "end_timestamp": 1576191600
    },
    {
      "name": "There Coach",
      "start_timestamp": 1577660400,
      "end_timestamp": 1576450800
    },
    {
      "name": "While Lay Crime",
      "start_timestamp": 1577919600,
      "end_timestamp": 1577314800
    },
    {
      "name": "Almost",
      "start_timestamp": 1578524400,
      "end_timestamp": 1577401200
    },
    {
      "name": "Rich On The",
      "start_timestamp": 1577487600,
      "end_timestamp": 1576796400
    },
    {
      "name": "Run Doctor",
      "start_timestamp": 1576710000,
      "end_timestamp": 1577401200
    },
    {
      "name": "Show Sure Small",
      "start_timestamp": 1577487600,
      "end_timestamp": 1576969200
    },
    {
      "name": "Southern",
      "start_timestamp": 1577055600,
      "end_timestamp": 1577401200
    },
    {
      "name": "Charge Big",
      "start_timestamp": 1576710000,
      "end_timestamp": 1576191600
    },
    {
      "name": "Few Firm",
      "start_timestamp": 1577228400,
      "end_timestamp": 1576364400
    },
    {
      "name": "Suggest Theory",
      "start_timestamp": 1576882800,
      "end_timestamp": 1578178800
    },
    {
      "name": "Not Capital",
      "start_timestamp": 1577574000,
      "end_timestamp": 0
    },
    {
      "name": "Man Catch Hear",
      "start_timestamp": 1577487600,
      "end_timestamp": 1578524400
    },
    {
      "name": "Staff Expect",
      "start_timestamp": 1576278000,
      "end_timestamp": 1577660400
    },
    {
      "name": "Defense War",
      "start_timestamp": 1576623600,
      "end_timestamp": 1577660400
    },
    {
      "name": "Four Fund Truth",
      "start_timestamp": 1577055600,
      "end_timestamp": 1576969200
    },
    {
      "name": "Exactly Often",
      "start_timestamp": 1577746800,
      "end_timestamp": 1576105200
    },
    {
      "name": "Deep Car",
      "start_timestamp": 1577919600,
      "end_timestamp": 0
    },
    {
      "name": "Walk Piece Mind",
      "start_timestamp": 1577833200,
      "end_timestamp": 0
    },
    {
      "name": "Both",
      "start_timestamp": 1577055600,
      "end_timestamp": 0
    },
    {
      "name": "Race Class",
      "start_timestamp": 1578092400,
      "end_timestamp": 0
    },
    {
      "name": "Watch Join That",
      "start_timestamp": 1577660400,
      "end_timestamp": 0
    },
    {
      "name": "Glass Could Age",
      "start_timestamp": 1578265200,
      "end_timestamp": 0
    },
    {
      "name": "Computer",
      "start_timestamp": 1576191600,
      "end_timestamp": 0
    },
    {
      "name": "Start Heart",
      "start_timestamp": 1578524400,
      "end_timestamp": 0
    },
    {
      "name": "Attention Worry",
      "start_timestamp": 1577660400,
      "end_timestamp": 0
    },
    {
      "name": "Positive Upon",
      "start_timestamp": 1576710000,
      "end_timestamp": 0
    },
    {
      "name": "Bill Toward",
      "start_timestamp": 1578524400,
      "end_timestamp": 0
    },
    {
      "name": "Capital",
      "start_timestamp": 1576882800,
      "end_timestamp": 0
    },
    {
      "name": "Edge Middle",
      "start_timestamp": 1576278000,
      "end_timestamp": 0
    },
    {
      "name": "Past Sell",
      "start_timestamp": 1576710000,
      "end_timestamp": 0
    },
    {
      "name": "Form Measure",
      "start_timestamp": 1577487600,
      "end_timestamp": 0
    },
    {
      "name": "Peace On",
      "start_timestamp": 1577833200,
      "end_timestamp": 0
    },
    {
      "name": "How Table Long",
      "start_timestamp": 1576278000,
      "end_timestamp": 0
    },
    {
      "name": "Remember Remain",
      "start_timestamp": 1576450800,
      "end_timestamp": 0
    },
    {
      "name": "Discussion",
      "start_timestamp": 1578006000,
      "end_timestamp": 0
    },
    {
      "name": "Performance",
      "start_timestamp": 1576623600,
      "end_timestamp": 0
    },
    {
      "name": "Respond Defense",
      "start_timestamp": 1578524400,
      "end_timestamp": 1577142000
    },
    {
      "name": "On Through Rate",
      "start_timestamp": 1577660400,
      "end_timestamp": 0
    },
    {
      "name": "Million White",
      "start_timestamp": 1577314800,
      "end_timestamp": 0
    },
    {
      "name": "Floor Economic",
      "start_timestamp": 1576537200,
      "end_timestamp": 0
    },
    {
      "name": "Often Although",
      "start_timestamp": 1578524400,
      "end_timestamp": 0
    },
    {
      "name": "Act Pressure",
      "start_timestamp": 1577055600,
      "end_timestamp": 0
    },
    {
      "name": "Bag Between Pay",
      "start_timestamp": 1577487600,
      "end_timestamp": 0
    },
    {
      "name": "Produce Hard",
      "start_timestamp": 1576537200,
      "end_timestamp": 0
    },
    {
      "name": "War Church",
      "start_timestamp": 1577660400,
      "end_timestamp": 0
    },
    {
      "name": "Yeah Movie By",
      "start_timestamp": 1576537200,
      "end_timestamp": 0
    },
    {
      "name": "Surface Call",
      "start_timestamp": 1577746800,
      "end_timestamp": 1577574000
    },
    {
      "name": "Travel Food",
      "start_timestamp": 1576450800,
      "end_timestamp": 0
    },
    {
      "name": "Arm Including",
      "start_timestamp": 1578006000,
      "end_timestamp": 0
    },
    {
      "name": "Recently Safe",
      "start_timestamp": 1578006000,
      "end_timestamp": 0
    },
    {
      "name": "Eat Prove",
      "start_timestamp": 1578438000,
      "end_timestamp": 0
    },
    {
      "name": "Step Civil",
      "start_timestamp": 1578006000,
      "end_timestamp": 0
    },
    {
      "name": "Media Not",
      "start_timestamp": 1576710000,
      "end_timestamp": 0
    },
    {
      "name": "Prevent Raise",
      "start_timestamp": 1577401200,
      "end_timestamp": 0
    },
    {
      "name": "Him Anything",
      "start_timestamp": 1576191600,
      "end_timestamp": 0
    },
    {
      "name": "Very First Good",
      "start_timestamp": 1576364400,
      "end_timestamp": 0
    },
    {
      "name": "Paper Physical",
      "start_timestamp": 1576278000,
      "end_timestamp": 0
    },
    {
      "name": "War Goal Think",
      "start_timestamp": 1576796400,
      "end_timestamp": 0
    },
    {
      "name": "Despite Finally",
      "start_timestamp": 1577919600,
      "end_timestamp": 0
    },
    {
      "name": "Perhaps Believe",
      "start_timestamp": 1576796400,
      "end_timestamp": 0
    },
    {
      "name": "World Rest When",
      "start_timestamp": 1578351600,
      "end_timestamp": 0
    },
    {
      "name": "Several Oil War",
      "start_timestamp": 1577919600,
      "end_timestamp": 0
    },
    {
      "name": "Rise Hospital",
      "start_timestamp": 1576969200,
      "end_timestamp": 0
    },
    {
      "name": "Pay Nor Long",
      "start_timestamp": 1577919600,
      "end_timestamp": 0
    },
    {
      "name": "Indeed Should",
      "start_timestamp": 1577746800,
      "end_timestamp": 1576105200
    },
    {
      "name": "Course Friend",
      "start_timestamp": 1577228400,
      "end_timestamp": 0
    },
    {
      "name": "But Officer",
      "start_timestamp": 1576191600,
      "end_timestamp": 1577055600
    },
    {
      "name": "Likely",
      "start_timestamp": 1578178800,
      "end_timestamp": 0
    },
    {
      "name": "Move Western",
      "start_timestamp": 1577919600,
      "end_timestamp": 0
    },
    {
      "name": "Myself Edge",
      "start_timestamp": 1576969200,
      "end_timestamp": 0
    },
    {
      "name": "Say Down Power",
      "start_timestamp": 1577314800,
      "end_timestamp": 1576278000
    },
    {
      "name": "End Party",
      "start_timestamp": 1576105200,
      "end_timestamp": 1576450800
    },
    {
      "name": "Wife After",
      "start_timestamp": 1576710000,
      "end_timestamp": 0
    },
    {
      "name": "Population Base",
      "start_timestamp": 1576278000,
      "end_timestamp": 0
    },
    {
      "name": "Leave Brother",
      "start_timestamp": 1577833200,
      "end_timestamp": 0
    },
    {
      "name": "Present True",
      "start_timestamp": 1577833200,
      "end_timestamp": 0
    },
    {
      "name": "Bad Effect",
      "start_timestamp": 1577487600,
      "end_timestamp": 0
    },
    {
      "name": "Born Available",
      "start_timestamp": 1577746800,
      "end_timestamp": 0
    },
    {
      "name": "Cost Certainly",
      "start_timestamp": 1577314800,
      "end_timestamp": 0
    },
    {
      "name": "Middle Reality",
      "start_timestamp": 1577055600,
      "end_timestamp": 0
    },
    {
      "name": "Step",
      "start_timestamp": 1578006000,
      "end_timestamp": 0
    },
    {
      "name": "Fire While",
      "start_timestamp": 1576710000,
      "end_timestamp": 0
    },
    {
      "name": "Ask Throughout",
      "start_timestamp": 1578265200,
      "end_timestamp": 0
    },
    {
      "name": "Seven",
      "start_timestamp": 1578178800,
      "end_timestamp": 1578178800
    },
    {
      "name": "Mention Others",
      "start_timestamp": 1577055600,
      "end_timestamp": 0
    },
    {
      "name": "Himself Agree",
      "start_timestamp": 1578178800,
      "end_timestamp": 0
    },
    {
      "name": "Model Explain",
      "start_timestamp": 1578265200,
      "end_timestamp": 0
    },
    {
      "name": "Responsibility",
      "start_timestamp": 1577228400,
      "end_timestamp": 0
    },
    {
      "name": "True Major",
      "start_timestamp": 1578438000,
      "end_timestamp": 0
    },
    {
      "name": "Local Appear",
      "start_timestamp": 1577314800,
      "end_timestamp": 1576969200
    },
    {
      "name": "Garden Building",
      "start_timestamp": 1577314800,
      "end_timestamp": 0
    },
    {
      "name": "Movement Family",
      "start_timestamp": 1578092400,
      "end_timestamp": 1577401200
    },
    {
      "name": "Toward Budget",
      "start_timestamp": 1577055600,
      "end_timestamp": 0
    },
    {
      "name": "Pattern Option",
      "start_timestamp": 1576105200,
      "end_timestamp": 0
    },
    {
      "name": "Condition",
      "start_timestamp": 1578438000,
      "end_timestamp": 0
    },
    {
      "name": "Work Tonight",
      "start_timestamp": 1577055600,
      "end_timestamp": 1577660400
    },
    {
      "name": "Thank As Speech",
      "start_timestamp": 1578006000,
      "end_timestamp": 0
    },
    {
      "name": "Social Write",
      "start_timestamp": 1577401200,
      "end_timestamp": 1577919600
    },
    {
      "name": "Key Send Just",
      "start_timestamp": 1576450800,
      "end_timestamp": 0
    },
    {
      "name": "Most Loss Foot",
      "start_timestamp": 1576364400,
      "end_timestamp": 0
    },
    {
      "name": "Daughter",
      "start_timestamp": 1576191600,
      "end_timestamp": 1577228400
    },
    {
      "name": "Care Least Base",
      "start_timestamp": 1576105200,
      "end_timestamp": 1577574000
    },
    {
      "name": "Right Role Act",
      "start_timestamp": 1576364400,
      "end_timestamp": 1577055600
    },
    {
      "name": "Fly Law Meeting",
      "start_timestamp": 1577142000,
      "end_timestamp": 0
    },
    {
      "name": "With Other Such",
      "start_timestamp": 1576969200,
      "end_timestamp": 1576537200
    },
    {
      "name": "Moment Reason",
      "start_timestamp": 1578006000,
      "end_timestamp": 0
    },
    {
      "name": "Type Whatever",
      "start_timestamp": 1578178800,
      "end_timestamp": 0
    },
    {
      "name": "Future Page",
      "start_timestamp": 1578092400,
      "end_timestamp": 0
    },
    {
      "name": "Standard Order",
      "start_timestamp": 1578006000,
      "end_timestamp": 0
    },
    {
      "name": "Become Church",
      "start_timestamp": 1577487600,
      "end_timestamp": 0
    },
    {
      "name": "Movie Choice",
      "start_timestamp": 1577314800,
      "end_timestamp": 1576537200
    },
    {
      "name": "Film Lot",
      "start_timestamp": 1577487600,
      "end_timestamp": 0
    },
    {
      "name": "Authority Step",
      "start_timestamp": 1576710000,
      "end_timestamp": 0
    },
    {
      "name": "Since Evidence",
      "start_timestamp": 1576364400,
      "end_timestamp": 0
    },
    {
      "name": "Middle",
      "start_timestamp": 1576364400,
      "end_timestamp": 0
    },
    {
      "name": "Later Strategy",
      "start_timestamp": 1577746800,
      "end_timestamp": 0
    },
    {
      "name": "Move Certainly",
      "start_timestamp": 1577833200,
      "end_timestamp": 0
    },
    {
      "name": "Back Hard",
      "start_timestamp": 1576882800,
      "end_timestamp": 0
    },
    {
      "name": "Purpose Social",
      "start_timestamp": 1578351600,
      "end_timestamp": 0
    },
    {
      "name": "Money Material",
      "start_timestamp": 1577314800,
      "end_timestamp": 0
    },
    {
      "name": "West Field",
      "start_timestamp": 1578524400,
      "end_timestamp": 0
    },
    {
      "name": "Officer She Get",
      "start_timestamp": 1576191600,
      "end_timestamp": 0
    },
    {
      "name": "Policy After",
      "start_timestamp": 1576105200,
      "end_timestamp": 0
    },
    {
      "name": "Particular A",
      "start_timestamp": 1576969200,
      "end_timestamp": 1577401200
    },
    {
      "name": "Cause Professor",
      "start_timestamp": 1578092400,
      "end_timestamp": 0
    },
    {
      "name": "Try Mind",
      "start_timestamp": 1577228400,
      "end_timestamp": 0
    },
    {
      "name": "Although",
      "start_timestamp": 1577314800,
      "end_timestamp": 0
    },
    {
      "name": "Ball",
      "start_timestamp": 1577142000,
      "end_timestamp": 0
    },
    {
      "name": "Maybe Movement",
      "start_timestamp": 1577055600,
      "end_timestamp": 0
    },
    {
      "name": "Risk Lay Rule",
      "start_timestamp": 1578178800,
      "end_timestamp": 0
    },
    {
      "name": "Agreement",
      "start_timestamp": 1577833200,
      "end_timestamp": 1576710000
    },
    {
      "name": "Point High Not",
      "start_timestamp": 1576623600,
      "end_timestamp": 0
    },
    {
      "name": "Firm Science",
      "start_timestamp": 1578092400,
      "end_timestamp": 0
    },
    {
      "name": "Important Else",
      "start_timestamp": 1577919600,
      "end_timestamp": 0
    },
    {
      "name": "Type Pick",
      "start_timestamp": 1577228400,
      "end_timestamp": 0
    },
    {
      "name": "Require Wind By",
      "start_timestamp": 1578092400,
      "end_timestamp": 0
    },
    {
      "name": "Similar Mission",
      "start_timestamp": 1576364400,
      "end_timestamp": 0
    },
    {
      "name": "Court Team",
      "start_timestamp": 1576278000,
      "end_timestamp": 0
    },
    {
      "name": "Republican",
      "start_timestamp": 1578092400,
      "end_timestamp": 1577314800
    },
    {
      "name": "Loss Him Might",
      "start_timestamp": 1577574000,
      "end_timestamp": 0
    },
    {
      "name": "Quite Such",
      "start_timestamp": 1577401200,
      "end_timestamp": 1576278000
    },
    {
      "name": "Environment",
      "start_timestamp": 1576623600,
      "end_timestamp": 1578006000
    },
    {
      "name": "Relate Arm",
      "start_timestamp": 1577574000,
      "end_timestamp": 1577142000
    },
    {
      "name": "No Design",
      "start_timestamp": 1576364400,
      "end_timestamp": 0
    },
    {
      "name": "Area Power Look",
      "start_timestamp": 1578178800,
      "end_timestamp": 1578351600
    },
    {
      "name": "Debate I Matter",
      "start_timestamp": 1577833200,
      "end_timestamp": 1578265200
    },
    {
      "name": "True Newspaper",
      "start_timestamp": 1577314800,
      "end_timestamp": 0
    },
    {
      "name": "Great Stage",
      "start_timestamp": 1578092400,
      "end_timestamp": 0
    },
    {
      "name": "Fear Guy",
      "start_timestamp": 1577142000,
      "end_timestamp": 0
    },
    {
      "name": "Through Expect",
      "start_timestamp": 1576796400,
      "end_timestamp": 0
    },
    {
      "name": "Toward Act",
      "start_timestamp": 1576796400,
      "end_timestamp": 1577487600
    },
    {
      "name": "Role Year",
      "start_timestamp": 1577487600,
      "end_timestamp": 0
    },
    {
      "name": "For Interview",
      "start_timestamp": 1576278000,
      "end_timestamp": 0
    },
    {
      "name": "Ask Space",
      "start_timestamp": 1576364400,
      "end_timestamp": 0
    },
    {
      "name": "Article Poor",
      "start_timestamp": 1577055600,
      "end_timestamp": 0
    },
    {
      "name": "Among Ask Say",
      "start_timestamp": 1576710000,
      "end_timestamp": 0
    },
    {
      "name": "Practice Sure",
      "start_timestamp": 1577574000,
      "end_timestamp": 1577919600
    },
    {
      "name": "Agent Beautiful",
      "start_timestamp": 1578524400,
      "end_timestamp": 1577574000
    },
    {
      "name": "Weight Pm",
      "start_timestamp": 1576710000,
      "end_timestamp": 1576796400
    },
    {
      "name": "Test Conference",
      "start_timestamp": 1576710000,
      "end_timestamp": 0
    },
    {
      "name": "Lead Such Group",
      "start_timestamp": 1576882800,
      "end_timestamp": 0
    },
    {
      "name": "Able Plan See",
      "start_timestamp": 1578438000,
      "end_timestamp": 1578438000
    },
    {
      "name": "Color Scientist",
      "start_timestamp": 1577314800,
      "end_timestamp": 1576450800
    },
    {
      "name": "Hope Writer",
      "start_timestamp": 1577833200,
      "end_timestamp": 1577746800
    },
    {
      "name": "Herself Contain",
      "start_timestamp": 1578092400,
      "end_timestamp": 1576796400
    },
    {
      "name": "Really Remember",
      "start_timestamp": 1577228400,
      "end_timestamp": 1577660400
    },
    {
      "name": "Personal Risk",
      "start_timestamp": 1577487600,
      "end_timestamp": 1577919600
    },
    {
      "name": "Enough Board",
      "start_timestamp": 1576623600,
      "end_timestamp": 1576537200
    },
    {
      "name": "Organization",
      "start_timestamp": 1576882800,
      "end_timestamp": 0
    },
    {
      "name": "Trial Young",
      "start_timestamp": 1577574000,
      "end_timestamp": 1578351600
    },
    {
      "name": "Anyone Trouble",
      "start_timestamp": 1576364400,
      "end_timestamp": 0
    },
    {
      "name": "Interest",
      "start_timestamp": 1577660400,
      "end_timestamp": 0
    },
    {
      "name": "Four Truth On",
      "start_timestamp": 1576969200,
      "end_timestamp": 0
    },
    {
      "name": "Different Ask",
      "start_timestamp": 1577660400,
      "end_timestamp": 0
    },
    {
      "name": "Place Exist",
      "start_timestamp": 1576969200,
      "end_timestamp": 1576450800
    },
    {
      "name": "However",
      "start_timestamp": 1576450800,
      "end_timestamp": 0
    },
    {
      "name": "Age Stop Smile",
      "start_timestamp": 1577919600,
      "end_timestamp": 1578178800
    },
    {
      "name": "Soon Station",
      "start_timestamp": 1576710000,
      "end_timestamp": 1577574000
    },
    {
      "name": "Paper Red Sort",
      "start_timestamp": 1578006000,
      "end_timestamp": 1576364400
    },
    {
      "name": "Treatment Lot",
      "start_timestamp": 1578092400,
      "end_timestamp": 1577574000
    },
    {
      "name": "Question Camera",
      "start_timestamp": 1576710000,
      "end_timestamp": 0
    },
    {
      "name": "Part Computer",
      "start_timestamp": 1578178800,
      "end_timestamp": 1576796400
    },
    {
      "name": "Develop Into",
      "start_timestamp": 1576710000,
      "end_timestamp": 1576191600
    },
    {
      "name": "Bag Yeah Second",
      "start_timestamp": 1576450800,
      "end_timestamp": 1578351600
    },
    {
      "name": "Season Face Bar",
      "start_timestamp": 1577574000,
      "end_timestamp": 1577228400
    },
    {
      "name": "Forget Thought",
      "start_timestamp": 1578178800,
      "end_timestamp": 1578092400
    },
    {
      "name": "Almost Believe",
      "start_timestamp": 1577401200,
      "end_timestamp": 1577919600
    },
    {
      "name": "Suffer Contain",
      "start_timestamp": 1578265200,
      "end_timestamp": 1576278000
    },
    {
      "name": "Everything",
      "start_timestamp": 1578092400,
      "end_timestamp": 1577746800
    },
    {
      "name": "Fast Nor",
      "start_timestamp": 1576882800,
      "end_timestamp": 1578178800
    },
    {
      "name": "Place Answer",
      "start_timestamp": 1578178800,
      "end_timestamp": 1577660400
    }
  ]
}