{
  "event_responses": {
    "events_joined": [
      {
        "name": "Most Value",
        "start_timestamp": 1577574000,
        "end_timestamp": 0
      },
      {
        "name": "While Big",
        "start_timestamp": 1576882800,
        "end_timestamp": 1576623600
      },
      {
        "name": "Rich Win Radio",
        "start_timestamp": 1576450800,
        "end_timestamp": 1577574000
      },
      {
        "name": "Friend Site",
        "start_timestamp": 1576882800,
        "end_timestamp": 1578351600
      },
      {
        "name": "Live Defense",
        "start_timestamp": 1576623600,
        "end_timestamp": 0
      },
      {
        "name": "Young During",
        "start_timestamp": 1577314800,
        "end_timestamp": 1577833200
      },
      {
        "name": "Effort Similar",
        "start_timestamp": 1577833200,
        "end_timestamp": 1576796400
      },
      {
        "name": "Agent That",
        "start_timestamp": 1578351600,
        "end_timestamp": 1576969200
      },
      {
        "name": "These Near",
        "start_timestamp": 1576450800,
        "end_timestamp": 1578006000
      },
      {
        "name": "Door Oil",
        "start_timestamp": 1578351600,
        "end_timestamp": 0
      },
      {
        "name": "Turn Herself",
        "start_timestamp": 1577746800,
        "end_timestamp": 0
      },
      {
        "name": "Simply Air",
        "start_timestamp": 1578092400,
        "end_timestamp": 1577228400
      },
      {
        "name": "Hand Return",
        "start_timestamp": 1578524400,
        "end_timestamp": 0
      },
      {
        "name": "Environmental",
        "start_timestamp": 1576796400,
        "end_timestamp": 1576537200
      },
      {
        "name": "Hot Those Image",
        "start_timestamp": 1576882800,
        "end_timestamp": 0,
        "place": {},
        "description": "All group tough dream",
        "create_timestamp": 1576450800
      },
      {
        "name": "Usually Act",
        "start_timestamp": 1578178800,
        "end_timestamp": 0
      },
      {
        "name": "Upon Nearly",
        "start_timestamp": 1577142000,
        "end_timestamp": 0
      },
      {
        "name": "Able Military",
        "start_timestamp": 1578524400,
        "end_timestamp": 1578092400
      },
      {
        "name": "Alone Everybody",
        "start_timestamp": 1578178800,
        "end_timestamp": 0
      },
      {
        "name": "Its Sign Car",
        "start_timestamp": 1576450800,
        "end_timestamp": 0,
        "place": {},
        "description": "Least politics to base bit still",
        "create_timestamp": 1576191600
      },
      {
        "name": "Professional",
        "start_timestamp": 1576969200,
        "end_timestamp": 0
      },
      {
        "name": "Leader Likely",
        "start_timestamp": 1577314800,
        "end_timestamp": 1578092400,
        "description": "Social piece song",
        "create_timestamp": 1577660400
      },
      {
        "name": "List South",
        "start_timestamp": 1578092400,
        "end_timestamp": 1577660400
      },
      {
        "name": "Law Floor Large",
        "start_timestamp": 1578351600,
        "end_timestamp": 1576796400
      },
      {
        "name": "Night Old",
        "start_timestamp": 1577401200,
        "end_timestamp": 1576796400,
        "description": "Can",
        "create_timestamp": 1578092400
      },
      {
        "name": "Heart Cost",
        "start_timestamp": 1578265200,
        "end_timestamp": 1576969200
      },
      {
        "name": "Head Together",
        "start_timestamp": 1577401200,
        "end_timestamp": 1577142000
      }
    ],
    "events_declined": [
      {
        "name": "Or Age Better",
        "start_timestamp": 1576710000,
        "end_timestamp": 0
      },
      {
        "name": "Situation Area",
        "start_timestamp": 1578092400,
        "end_timestamp": 0
      },
      {
        "name": "Despite",
        "start_timestamp": 1576623600,
        "end_timestamp": 1577142000
      },
      {
        "name": "Interest Agree",
        "start_timestamp": 1577401200,
        "end_timestamp": 0
      },
      {
        "name": "Article",
        "start_timestamp": 1577833200,
        "end_timestamp": 0
      },
      {
        "name": "Nearly Movement",
        "start_timestamp": 1576191600,
        "end_timestamp": 1578351600
      },
      {
        "name": "Minute Contain",
        "start_timestamp": 1577746800,
        "end_timestamp": 1578006000
      },
      {
        "name": "Third",
        "start_timestamp": 1578438000,
        "end_timestamp": 1576278000
      },
      {
        "name": "Future Forward",
        "start_timestamp": 1578006000,
        "end_timestamp": 0
      },
      {
        "name": "Public",
        "start_timestamp": 1578092400,
        "end_timestamp": 1577314800
      },
      {
        "name": "Or Grow Seven",
        "start_timestamp": 1576623600,
        "end_timestamp": 0
      },
      {
        "name": "Book Local",
        "start_timestamp": 1576796400,
        "end_timestamp": 0
      },
      {
        "name": "Exist Few Room",
        "start_timestamp": 1577487600,
        "end_timestamp": 0
      },
      {
        "name": "Expect Form",
        "start_timestamp": 1576537200,
        "end_timestamp": 0
      },
      {
        "name": "Security Girl",
        "start_timestamp": 1576969200,
        "end_timestamp": 0
      },
      {
        "name": "Oil Practice",
        "start_timestamp": 1576882800,
        "end_timestamp": 0
      },
      {
        "name": "Imagine Concern",
        "start_timestamp": 1577833200,
        "end_timestamp": 0
      },
      {
        "name": "Hold",
        "start_timestamp": 1577919600,
        "end_timestamp": 0
      },
      {
        "name": "Ago Lawyer",
        "start_timestamp": 1576105200,
        "end_timestamp": 1578438000
      },
      {
        "name": "Result Off Be",
        "start_timestamp": 1577833200,
        "end_timestamp": 1577660400
      },
      {
        "name": "Leg May Policy",
        "start_timestamp": 1577314800,
        "end_timestamp": 1577574000
      },
      {
        "name": "Read Now Yard",
        "start_timestamp": 1576537200,
        "end_timestamp": 1576105200
      },
      {
        "name": "Clear Address",
        "start_timestamp": 1578351600,
        "end_timestamp": 1576796400
      },
      {
        "name": "Foreign",
        "start_timestamp": 1576278000,
        "end_timestamp": 1576710000
      },
      {
        "name": "Truth Section",
        "start_timestamp": 1576537200,
        "end_timestamp": 0
      },
      {
        "name": "Pay Which Child",
        "start_timestamp": 1576191600,
        "end_timestamp": 1577746800
      },
      {
        "name": "Yes Beat All",
        "start_timestamp": 1577833200,
        "end_timestamp": 0
      },
      {
        "name": "Official",
        "start_timestamp": 1577401200,
        "end_timestamp": 0
      },
      {
        "name": "Face Bar Reveal",
        "start_timestamp": 1578438000,
        "end_timestamp": 1578438000
      },
      {
        "name": "Trade Watch",
        "start_timestamp": 1576364400,
        "end_timestamp": 1578265200
      },
      {
        "name": "Sea Us Its Do",
        "start_timestamp": 1577919600,
        "end_timestamp": 1576191600
      },
      {
        "name": "Leader Big By",
        "start_timestamp": 1578524400,
        "end_timestamp": 1577746800
      },
      {
        "name": "Challenge Pass",
        "start_timestamp": 1576796400,
        "end_timestamp": 1577833200
      },
      {
        "name": "Beat Ten Right",
        "start_timestamp": 1578524400,
        "end_timestamp": 1576537200
      },
      {
        "name": "Executive",
        "start_timestamp": 1577142000,
        "end_timestamp": 1578178800
      },
      {
        "name": "While Team Sort",
        "start_timestamp": 1576537200,
        "end_timestamp": 1576278000
      },
      {
        "name": "Again Choice",
        "start_timestamp": 1577660400,
        "end_timestamp": 1578351600
      },
      {
        "name": "Officer Last",
        "start_timestamp": 1577401200,
        "end_timestamp": 1577833200
      },
      {
        "name": "Movement Those",
        "start_timestamp": 1577228400,
        "end_timestamp": 1577142000
      },
      {
        "name": "Forward Call",
        "start_timestamp": 1576191600,
        "end_timestamp": 1576105200
      },
      {
        "name": "Tax Prove There",
        "start_timestamp": 1576537200,
        "end_timestamp": 1576105200
      },
      {
        "name": "Happy Pressure",
        "start_timestamp": 1576105200,
        "end_timestamp": 1577833200
      },
      {
        "name": "Heart Civil",
        "start_timestamp": 1576537200,
        "end_timestamp": 1576710000
      },
      {
        "name": "Hope Whatever",
        "start_timestamp": 1577055600,
        "end_timestamp": 1577228400
      },
      {
        "name": "Us Piece",
        "start_timestamp": 1576882800,
        "end_timestamp": 1576623600
      },
      {
        "name": "Inside Bad Bank",
        "start_timestamp": 1577660400,
        "end_timestamp": 1577055600
      },
      {
        "name": "Because Dinner",
        "start_timestamp": 1576364400,
        "end_timestamp": 1576450800
      },
      {
        "name": "Star Task",
        "start_timestamp": 1576623600,
        "end_timestamp": 1578006000
      },
      {
        "name": "Price Economy",
        "start_timestamp": 1577055600,
        "end_timestamp": 1576882800
      },
      {
        "name": "Least Build",
        "start_timestamp": 1577228400,
        "end_timestamp": 1576537200
      },
      {
        "name": "Decade Item",
        "start_timestamp": 1577833200,
        "end_timestamp": 1578351600
      },
      {
        "name": "Blood Claim",
        "start_timestamp": 1578006000,
        "end_timestamp": 1576364400
      },
      {
        "name": "Commercial West",
        "start_timestamp": 1577228400,
        "end_timestamp": 1576710000
      },
      {
        "name": "Buy Event Wall",
        "start_timestamp": 1577401200,
        "end_timestamp": 1576364400
      },
      {
        "name": "Really Reduce",
        "start_timestamp": 1576882800,
        "end_timestamp": 1576537200
      },
      {
        "name": "As Much Carry",
        "start_timestamp": 1577055600,
        "end_timestamp": 1576537200
      },
      {
        "name": "Continue Good",
        "start_timestamp": 1577487600,
        "end_timestamp": 1576796400
      },
      {
        "name": "In Large",
        "start_timestamp": 1578524400,
        "end_timestamp": 1576364400
      },
      {
        "name": "Second Nearly",
        "start_timestamp": 1576105200,
        "end_timestamp": 1577833200
      },
      {
        "name": "Reality Upon",
        "start_timestamp": 1577574000,
        "end_timestamp": 1578351600
      },
      {
        "name": "Both Quite",
        "start_timestamp": 1578265200,
        "end_timestamp": 1578265200
      },
      {
        "name": "Plan Easy Real",
        "start_timestamp": 1577401200,
        "end_timestamp": 1576882800
      },
      {
        "name": "Think Road Live",
        "start_timestamp": 1576710000,
        "end_timestamp": 1578438000
      },
      {
        "name": "Then Smile",
        "start_timestamp": 1577228400,
        "end_timestamp": 1577314800
      },
      {
        "name": "Two Miss Job",
        "start_timestamp": 1576364400,
        "end_timestamp": 1577919600
      },
      {
        "name": "Smile You",
        "start_timestamp": 1577142000,
        "end_timestamp": 1576105200
      },
      {
        "name": "Name Same",
        "start_timestamp": 1576278000,
        "end_timestamp": 1576450800
      },
      {
        "name": "Believe Show",
        "start_timestamp": 1577660400,
        "end_timestamp": 1578092400
      },
      {
        "name": "Whole Whom",
        "start_timestamp": 1576450800,
        "end_timestamp": 1576969200
      },
      {
        "name": "Crime Car",
        "start_timestamp": 1577228400,
        "end_timestamp": 1576882800
      },
      {
        "name": "Performance",
        "start_timestamp": 1576796400,
        "end_timestamp": 1576450800
      },
      {
        "name": "Hope Hand",
        "start_timestamp": 1577314800,
        "end_timestamp": 1576882800
      },
      {
        "name": "Sound Road Drop",
        "start_timestamp": 1576364400,
        "end_timestamp": 1577314800
      },
      {
        "name": "Couple Nice",
        "start_timestamp": 1576364400,
        "end_timestamp": 1577055600
      },
      {
        "name": "Environmental",
        "start_timestamp": 1577401200,
        "end_timestamp": 1578438000
      },
      {
        "name": "Direction",
        "start_timestamp": 1578351600,
        "end_timestamp": 1577142000
      },
      {
        "name": "Process Idea",
        "start_timestamp": 1578265200,
        "end_timestamp": 1577055600
      },
      {
        "name": "White Unit",
        "start_timestamp": 1576191600,
        "end_timestamp": 1577055600
      },
      {
        "name": "Ready Election",
        "start_timestamp": 1578351600,
        "end_timestamp": 1576364400
      },
      {
        "name": "Rate Society",
        "start_timestamp": 1576450800,
        "end_timestamp": 1578351600
      },
      {
        "name": "As Deep Forward",
        "start_timestamp": 1576191600,
        "end_timestamp": 1576191600
      },
      {
        "name": "Modern Pass",
        "start_timestamp": 1576969200,
        "end_timestamp": 1576710000
      },
      {
        "name": "Involve Current",
        "start_timestamp": 1578092400,
        "end_timestamp": 1576623600
      }
    ],
    "events_interested": [
      {
        "name": "Four Seek So",
        "start_timestamp": 1576969200,
        "end_timestamp": 0
      },
      {
        "name": "Two Policy",
        "start_timestamp": 1577487600,
        "end_timestamp": 1578265200
      },
      {
        "name": "Through Prepare",
        "start_timestamp": 1576105200,
        "end_timestamp": 1576537200
      },
      {
        "name": "Address Note",
        "start_timestamp": 1577746800,
        "end_timestamp": 1576969200
      },
      {
        "name": "Physical",
        "start_timestamp": 1577919600,
        "end_timestamp": 1578351600
      },
      {
        "name": "Pm Including",
        "start_timestamp": 1576969200,
        "end_timestamp": 1577401200
      },
      {
        "name": "Car Concern",
        "start_timestamp": 1577660400,
        "end_timestamp": 1576537200
      },
      {
        "name": "Enter Floor",
        "start_timestamp": 1577142000,
        "end_timestamp": 1576623600
      },
      {
        "name": "Painting",
        "start_timestamp": 1576796400,
        "end_timestamp": 1576191600
      },
      {
        "name": "Will Anything",
        "start_timestamp": 1576278000,
        "end_timestamp": 1577487600
      },
      {
        "name": "No Large Whose",
        "start_timestamp": 1578178800,
        "end_timestamp": 1578092400
      },
      {
        "name": "Accept Keep",
        "start_timestamp": 1578438000,
        "end_timestamp": 1578178800
      },
      {
        "name": "Way Certainly",
        "start_timestamp": 1578351600,
        "end_timestamp": 0
      },
      {
        "name": "Blue Poor",
        "start_timestamp": 1577746800,
        "end_timestamp": 0
      },
      {
        "name": "Think Of Middle",
        "start_timestamp": 1576537200,
        "end_timestamp": 1578351600
      },
      {
        "name": "Become Method",
        "start_timestamp": 1577574000,
        "end_timestamp": 0
      },
      {
        "name": "Board Degree",
        "start_timestamp": 1577055600,
        "end_timestamp": 0
      },
      {
        "name": "Good Carry",
        "start_timestamp": 1578265200,
        "end_timestamp": 1576796400
      },
      {
        "name": "Other Customer",
        "start_timestamp": 1577314800,
        "end_timestamp": 1577833200
      },
      {
        "name": "Social Ten",
        "start_timestamp": 1576105200,
        "end_timestamp": 1577487600
      },
      {
        "name": "Beat Second",
        "start_timestamp": 1577401200,
        "end_timestamp": 1576882800
      },
      {
        "name": "Second Study",
        "start_timestamp": 1576450800,
        "end_timestamp": 1577833200
      },
      {
        "name": "Individual",
        "start_timestamp": 1576623600,
        "end_timestamp": 1576537200
      },
      {
        "name": "Go Lot Push",
        "start_timestamp": 1577833200,
        "end_timestamp": 1576105200
      },
      {
        "name": "Anyone White",
        "start_timestamp": 1576537200,
        "end_timestamp": 1577401200
      },
      {
        "name": "Give Best",
        "start_timestamp": 1578178800,
        "end_timestamp": 1576969200
      },
      {
        "name": "As Official",
        "start_timestamp": 1577833200,
        "end_timestamp": 1577833200
      },
      {
        "name": "Table Federal",
        "start_timestamp": 1577487600,
        "end_timestamp": 1576882800
      },
      {
        "name": "Question Town",
        "start_timestamp": 1576450800,
        "end_timestamp": 1576969200
      },
      {
        "name": "Coach Very Me",
        "start_timestamp": 1576537200,
        "end_timestamp": 1576278000
      },
      {
        "name": "Official",
        "start_timestamp": 1578265200,
        "end_timestamp": 1576623600
      },
      {
        "name": "Develop How",
        "start_timestamp": 1577833200,
        "end_timestamp": 1576364400
      },
      {
        "name": "Media Thousand",
        "start_timestamp": 1577228400,
        "end_timestamp": 1578265200
      },
      {
        "name": "Support Impact",
        "start_timestamp": 1576710000,
        "end_timestamp": 1578092400
      },
      {
        "name": "In Within Third",
        "start_timestamp": 1576623600,
        "end_timestamp": 1577574000
      },
      {
        "name": "Raise Defense",
        "start_timestamp": 1578438000,
        "end_timestamp": 1577660400
      },
      {
        "name": "Yeah Night Leg",
        "start_timestamp": 1577314800,
        "end_timestamp": 1577228400
      },
      {
        "name": "Blue Military",
        "start_timestamp": 1578524400,
        "end_timestamp": 1577401200
      },
      {
        "name": "Need Painting",
        "start_timestamp": 1577487600,
        "end_timestamp": 1576882800
      },
      {
        "name": "Suggest Able",
        "start_timestamp": 1578006000,
        "end_timestamp": 1578006000
      },
      {
        "name": "West Wonder",
        "start_timestamp": 1576191600,
        "end_timestamp": 1578006000
      }
    ]
  }
}