{
  "your_events": [
    {
      "name": "Whatever Begin Four",
      "start_timestamp": 1576278000,
      "end_timestamp": 0,
      "place": {
        "name": "Le Place d'Fake**",
        "coordinate": {
          "latitude": -23.299396,
          "longitude": 148.343013
        },
        "address": "407 Natalie Overpass Apt. 821 Joycemouth, MI"
      },
      "description": "Alone ready believe",
      "create_timestamp": 1577228400
    },
    {
      "name": "Step Rock Kid",
      "start_timestamp": 1576969200,
      "end_timestamp": 0,
      "place": {
        "name": "Le Place d'Fake**",
        "coordinate": {
          "latitude": 39.0732085,
          "longitude": -63.672651
        },
        "address": "5637 Nunez Burg South Barbara, NV"
      },
      "description": "Rate face parent ground realize",
      "create_timestamp": 1577228400
    }
  ]
}