{
  "profile": {
    "name": {
      "full_name": "John Knapp",
      "first_name": "(First name)**",
      "middle_name": "(Middle name)**",
      "last_name": "(Last name)**"
    },
    "emails": {
      "emails": [
        "conniefernandez@hotmail.com",
        "courtney99@yahoo.com"
      ],
      "previous_emails": [
        "barnettpamela@gmail.com"
      ],
      "pending_emails": [],
      "ad_account_emails": []
    },
    "birthday": {
      "year": "1990**",
      "month": "12**",
      "day": "31**"
    },
    "gender": {
      "gender_option": "MALE**",
      "pronoun": "MALE**"
    },
    "previous_names": [
      {
        "name": "(Most often old nicknames)**",
        "timestamp": 1576450800
      },
      {
        "name": "(Most often old nicknames)**",
        "timestamp": 1577142000
      },
      {
        "name": "(Most often old nicknames)**",
        "timestamp": 0
      }
    ],
    "other_names": [
      {
        "name": "(Most often full name)**",
        "type": null
      }
    ],
    "current_city": {
      "name": "(Name of city)**",
      "timestamp": 0
    },
    "hometown": {
      "name": "(Name of city)**",
      "timestamp": 0
    },
    "relationship": {
      "status": "Single**"
    },
    "previous_relationships": [
      "Christopher Woodward Jr."
    ],
    "family_members": [
      {
        "name": "Christopher Montgomery",
        "relation": "Brother/Cousin/Family Member**"
      },
      {
        "name": "Miranda Kelley",
        "relation": "Brother/Cousin/Family Member**"
      },
      {
        "name": "Grace Hamilton",
        "relation": "Brother/Cousin/Family Member**"
      },
      {
        "name": "Selena Thomas",
        "relation": "Brother/Cousin/Family Member**"
      },
      {
        "name": "Shelly May",
        "relation": "Brother/Cousin/Family Member**"
      },
      {
        "name": "Richard Bryant",
        "relation": "Brother/Cousin/Family Member**"
      },
      {
        "name": "Madison Koch",
        "relation": "Brother/Cousin/Family Member**"
      }
    ],
    "education_experiences": [
      {
        "name": "State University/Someplace High School**",
        "start_timestamp": 1577919600,
        "end_timestamp": 1576191600,
        "graduated": false,
        "description": "Require number",
        "concentrations": [
          "Name Voice",
          "Far Sit",
          "Increase"
        ],
        "school_type": "College/High School**"
      },
      {
        "name": "State University/Someplace High School**",
        "end_timestamp": 1576191600,
        "graduated": true,
        "concentrations": [
          "Cold Cell"
        ],
        "school_type": "College/High School**"
      }
    ],
    "work_experiences": [
      {
        "employer": "SomeCompany Inc.**",
        "title": "Job title namer**",
        "location": "New Manuel, Pennsylvania",
        "description": "Score later my really",
        "start_timestamp": 1576710000
      },
      {
        "employer": "SomeCompany Inc.**",
        "title": "Job title namer**",
        "location": "Danielmouth, North Carolina",
        "description": "Activity though exist",
        "start_timestamp": 1577919600,
        "end_timestamp": 1576278000
      }
    ],
    "languages": [
      "English language**",
      "English language**"
    ],
    "screen_names": [
      {
        "service_name": "Skype | WLS | etc.**",
        "names": [
          "Remain"
        ]
      },
      {
        "service_name": "Skype | WLS | etc.**",
        "names": [
          "Candidate pull admit"
        ]
      }
    ],
    "address": {
      "street": "Unnamed Road**",
      "city": "Ny-Alesund**",
      "zipcode": "(FAKE'ZIP)**",
      "neighborhood": "(FAKE'Neightborhood)**",
      "country": "Norway**",
      "country_code": "NO**",
      "region": "(FAKE'region)**"
    },
    "phone_numbers": [
      {
        "phone_type": "Home/Mobile**",
        "phone_number": "6213977726",
        "verified": true
      },
      {
        "phone_type": "Home/Mobile**",
        "phone_number": "032.968.7210x0049",
        "verified": false
      }
    ],
    "username": "fbusername**",
    "places_lived": [
      {
        "place": "Lake Elizabeth, Kansas",
        "start_timestamp": 1576882800
      }
    ],
    "pages": [
      {
        "name": null,
        "pages": [
          "Floor Skin Current"
        ]
      },
      {
        "name": null,
        "pages": [
          "Development"
        ]
      },
      {
        "name": null,
        "pages": [
          "Occur System",
          "Onto Site"
        ]
      },
      {
        "name": null,
        "pages": [
          "Glass",
          "Part",
          "Line",
          "Fall"
        ]
      },
      {
        "name": null,
        "pages": [
          "Learn",
          "Pass",
          "Road",
          "It"
        ]
      },
      {
        "name": null,
        "pages": [
          "If Fight",
          "Argue",
          "Role",
          "Land"
        ]
      },
      {
        "name": null,
        "pages": [
          "Dream",
          "Road Other"
        ]
      },
      {
        "name": null,
        "pages": [
          "Both"
        ]
      },
      {
        "name": null,
        "pages": [
          "Beat Ok"
        ]
      },
      {
        "name": null,
        "pages": []
      },
      {
        "name": null,
        "pages": [
          "Near"
        ]
      },
      {
        "name": null,
        "pages": [
          "Network",
          "Public"
        ]
      },
      {
        "name": null,
        "pages": [
          "Yourself"
        ]
      },
      {
        "name": null,
        "pages": [
          "Heart"
        ]
      },
      {
        "name": null,
        "pages": [
          "Position Budget Even"
        ]
      },
      {
        "name": null,
        "pages": []
      }
    ],
    "groups": [
      {
        "name": "Purpose This Nature Program",
        "timestamp": 1576450800
      },
      {
        "name": "Deal Event It Check",
        "timestamp": 1576105200
      }
    ],
    "registration_timestamp": 1576191600,
    "profile_uri": "http://austin-guerrero.com/"
  }
}