{
  "profile_updates": [
    {
      "timestamp": 1577055600,
      "attachments": [
        {
          "data": [
            {
              "life_event": {
                "title": "Respond Those Quality Develop Theory Organization Night",
                "start_date": {
                  "year": "1990**",
                  "month": "12**",
                  "day": "31**"
                },
                "place": {
                  "name": "Nicolehaven, Nevada",
                  "coordinate": {
                    "latitude": -88.794254,
                    "longitude": 142.144797
                  },
                  "address": "436 Mallory Hill Suite 051 Lake Katherine, NM"
                }
              }
            }
          ]
        },
        {
          "data": [
            {
              "place": {
                "name": "Lake Maryton, Maryland",
                "coordinate": {
                  "latitude": -84.310986,
                  "longitude": -168.732724
                },
                "address": "751 Loretta Lodge West Philip, IA",
                "url": "http://lopez.com/"
              }
            }
          ]
        }
      ],
      "data": [
        {
          "backdated_timestamp": 1576796400
        }
      ]
    },
    {
      "timestamp": 1576882800,
      "attachments": [
        {
          "data": [
            {
              "life_event": {
                "title": "Improve Mr Trial. Capital Certain Enjoy",
                "start_date": {
                  "year": "1990**",
                  "month": "12**",
                  "day": "31**"
                },
                "place": {
                  "name": "Port Rodneybury, South Dakota",
                  "coordinate": {
                    "latitude": -25.9105985,
                    "longitude": 54.188795
                  },
                  "address": "38384 Nicholas Street Smallville, AL"
                }
              }
            }
          ]
        },
        {
          "data": [
            {
              "place": {
                "name": "Harrisfort, West Virginia",
                "coordinate": {
                  "latitude": -88.3156145,
                  "longitude": -21.503419
                },
                "address": "584 Rodriguez Street Suite 718 Eatonburgh, AK",
                "url": "https://www.brown-conrad.info/"
              }
            }
          ]
        }
      ],
      "data": [
        {
          "backdated_timestamp": 1577228400
        }
      ]
    },
    {
      "timestamp": 1577142000,
      "attachments": [
        {
          "data": [
            {
              "life_event": {
                "title": "Experience Year Nation Prove Great Under Most",
                "start_date": {
                  "year": "1990**",
                  "month": "12**",
                  "day": "31**"
                },
                "place": {
                  "name": "Port Joseph, Texas",
                  "coordinate": {
                    "latitude": -24.666352,
                    "longitude": -93.619839
                  },
                  "address": "098 Jerry Locks Suite 547 Garciaville, OK"
                }
              }
            }
          ]
        },
        {
          "data": [
            {
              "place": {
                "name": "Perrystad, Arizona",
                "coordinate": {
                  "latitude": 81.577512,
                  "longitude": -83.025281
                },
                "address": "693 Paul Orchard Port Edward, ID",
                "url": "https://www.jacobson.info/"
              }
            }
          ]
        }
      ],
      "data": [
        {
          "backdated_timestamp": 1576623600
        }
      ]
    },
    {
      "timestamp": 1576969200,
      "title": "Do Follow Wrong As One Life. Smile Degree Scene"
    },
    {
      "timestamp": 1577314800,
      "title": "Pay Beautiful Technology Participant"
    },
    {
      "timestamp": 1576882800,
      "title": "Two Run Own Partner. Build Ten Speak"
    },
    {
      "timestamp": 1576882800,
      "attachments": [
        {
          "data": [
            {
              "media": {
                "uri": "photos_and_videos/your_posts/some_local_path.jpg",
                "creation_timestamp": 1576278000,
                "media_metadata": {
                  "photo_metadata": {
                    "upload_ip": "192.78.34.107"
                  }
                },
                "title": "Election Camera Focus Account Contain"
              }
            }
          ]
        }
      ],
      "title": "Have Lead Activity Herself Security"
    },
    {
      "timestamp": 1577314800,
      "attachments": [
        {
          "data": [
            {
              "media": {
                "uri": "photos_and_videos/your_posts/some_local_path.jpg",
                "creation_timestamp": 1577919600,
                "media_metadata": {
                  "photo_metadata": {
                    "upload_ip": "101.82.146.186"
                  }
                },
                "title": "Chair Near Win Left Consider Well"
              }
            }
          ]
        }
      ],
      "title": "Well Mrs Fact South Wind Door"
    },
    {
      "timestamp": 1577055600,
      "attachments": [
        {
          "data": [
            {
              "media": {
                "uri": "photos_and_videos/your_posts/some_local_path.jpg",
                "creation_timestamp": 1578006000,
                "media_metadata": {
                  "photo_metadata": {
                    "upload_ip": "164.95.214.3"
                  }
                },
                "title": "Hotel Final Go Contain Radio"
              }
            }
          ]
        }
      ],
      "title": "Bar Decade Whose Investment Marriage"
    },
    {
      "timestamp": 1578092400,
      "attachments": [
        {
          "data": [
            {
              "media": {
                "uri": "photos_and_videos/your_posts/some_local_path.jpg",
                "creation_timestamp": 1578092400,
                "media_metadata": {
                  "photo_metadata": {
                    "upload_ip": "181.200.194.156"
                  }
                },
                "title": "Financial Time Test Put Sit Item Right"
              }
            }
          ]
        }
      ],
      "title": "Cover Seven Similar Fine Management Whom Skill Order"
    },
    {
      "timestamp": 1578265200,
      "attachments": [
        {
          "data": [
            {
              "media": {
                "uri": "photos_and_videos/your_posts/some_local_path.jpg",
                "creation_timestamp": 1578438000,
                "media_metadata": {
                  "photo_metadata": {
                    "upload_ip": "211.101.125.114"
                  }
                },
                "title": "Someone Power Man Push Manager Development Argue Four"
              }
            }
          ]
        }
      ],
      "title": "Rather None Probably Know Company Treatment"
    },
    {
      "timestamp": 1577833200,
      "attachments": [
        {
          "data": [
            {
              "life_event": {
                "title": "Century Level Save Personal Beautiful Charge Land",
                "start_date": {
                  "year": "1990**",
                  "month": "12**",
                  "day": "31**"
                },
                "place": {
                  "name": "Port Trevor, Indiana",
                  "coordinate": {
                    "latitude": -45.8145415,
                    "longitude": 15.193278
                  },
                  "address": "88822 Martinez Skyway East Valerie, KY"
                }
              }
            }
          ]
        },
        {
          "data": [
            {
              "place": {
                "name": "Daniellefurt, New Jersey",
                "coordinate": {
                  "latitude": 68.753621,
                  "longitude": -125.025449
                },
                "address": "608 Gabriel Ford Potterside, ME",
                "url": "https://www.mullen.com/"
              }
            }
          ]
        }
      ]
    },
    {
      "timestamp": 1576191600,
      "attachments": [
        {
          "data": [
            {
              "life_event": {
                "title": "Resource Behavior Thought",
                "start_date": {
                  "year": "1990**",
                  "month": "12**",
                  "day": "31**"
                },
                "photos": [
                  {
                    "uri": "photos_and_videos/your_posts/some_local_path.jpg**",
                    "creation_timestamp": 1578178800,
                    "media_metadata": {
                      "photo_metadata": {
                        "upload_ip": "9.144.29.118"
                      }
                    },
                    "title": "You changed something on his profile**"
                  },
                  {
                    "uri": "photos_and_videos/your_posts/some_local_path.jpg**",
                    "creation_timestamp": 1578438000,
                    "media_metadata": {
                      "photo_metadata": {
                        "upload_ip": "222.206.75.216"
                      }
                    },
                    "title": "You changed something on his profile**"
                  },
                  {
                    "uri": "photos_and_videos/your_posts/some_local_path.jpg**",
                    "creation_timestamp": 1577401200,
                    "media_metadata": {
                      "photo_metadata": {
                        "upload_ip": "206.13.134.136"
                      }
                    },
                    "title": "You changed something on his profile**"
                  },
                  {
                    "uri": "photos_and_videos/your_posts/some_local_path.jpg**",
                    "creation_timestamp": 1577746800,
                    "media_metadata": {
                      "photo_metadata": {
                        "upload_ip": "49.60.35.0"
                      }
                    },
                    "title": "You changed something on his profile**"
                  },
                  {
                    "uri": "photos_and_videos/your_posts/some_local_path.jpg**",
                    "creation_timestamp": 1577833200,
                    "media_metadata": {
                      "photo_metadata": {
                        "upload_ip": "221.242.77.27"
                      }
                    },
                    "title": "You changed something on his profile**"
                  }
                ]
              }
            }
          ]
        }
      ],
      "tags": [
        "Charles Guerrero"
      ]
    },
    {
      "timestamp": 1577142000,
      "attachments": [
        {
          "data": [
            {
              "life_event": {
                "title": "Whole Talk Around",
                "start_date": {
                  "year": "1990**",
                  "month": "12**",
                  "day": "31**"
                },
                "place": {
                  "name": "Martinezhaven, Florida",
                  "coordinate": {
                    "latitude": -39.931432,
                    "longitude": 30.246450
                  },
                  "address": "141 Shaw Ford Suite 265 North Deannaville, NM"
                }
              }
            }
          ]
        },
        {
          "data": [
            {
              "place": {
                "name": "Carolynhaven, Indiana",
                "coordinate": {
                  "latitude": -0.7947225,
                  "longitude": -90.918709
                },
                "address": "PSC 9794, Box 8999 APO AP",
                "url": "https://wilson-smith.com/"
              }
            }
          ]
        }
      ],
      "title": "Local Factor Realize Man Seat Rather Bad"
    },
    {
      "timestamp": 1578006000,
      "attachments": [
        {
          "data": [
            {
              "life_event": {
                "title": "Modern Suffer Really Produce You. Dog Save Them Middle",
                "start_date": {
                  "year": "1990**",
                  "month": "12**",
                  "day": "31**"
                },
                "place": {
                  "name": "Kimberlymouth, Michigan",
                  "coordinate": {
                    "latitude": 21.6072605,
                    "longitude": -5.288144
                  },
                  "address": "48322 Boyd Walk Port Denise, KY"
                }
              }
            }
          ]
        },
        {
          "data": [
            {
              "place": {
                "name": "North Krystal, Colorado",
                "coordinate": {
                  "latitude": 61.4042115,
                  "longitude": -64.966677
                },
                "address": "85395 Lee Ramp South Jacquelineview, HI",
                "url": "https://clark-turner.biz/"
              }
            }
          ]
        }
      ]
    },
    {
      "timestamp": 1576623600,
      "attachments": [
        {
          "data": [
            {
              "life_event": {
                "title": "Around Kitchen Reduce Deal Reason Fill",
                "start_date": {
                  "year": "1990**",
                  "month": "12**",
                  "day": "31**"
                },
                "place": {
                  "name": "Smallland, Virginia",
                  "coordinate": {
                    "latitude": -4.761054,
                    "longitude": 175.384859
                  },
                  "address": "513 Kimberly Trail Suite 014 North Donnamouth, UT"
                }
              }
            }
          ]
        },
        {
          "data": [
            {
              "place": {
                "name": "North Douglasland, Hawaii",
                "coordinate": {
                  "latitude": 5.780326,
                  "longitude": -137.161260
                },
                "address": "PSC 0088, Box 5088 APO AE",
                "url": "http://schmidt.info/"
              }
            }
          ]
        }
      ],
      "title": "Clear Agent Could Deal Seek Floor"
    },
    {
      "timestamp": 1577055600,
      "attachments": [
        {
          "data": [
            {
              "life_event": {
                "title": "Box Site Page These Include Fall",
                "start_date": {
                  "year": "1990**",
                  "month": "12**",
                  "day": "31**"
                },
                "place": {
                  "name": "East Katherinechester, North Carolina",
                  "coordinate": {
                    "latitude": -67.986187,
                    "longitude": 142.361077
                  },
                  "address": "9032 Timothy Unions Apt. 290 West Robert, VT"
                }
              }
            }
          ]
        },
        {
          "data": [
            {
              "place": {
                "name": "South Brentton, North Carolina",
                "coordinate": {
                  "latitude": 43.132196,
                  "longitude": -38.553211
                },
                "address": "USNS Potter FPO AP",
                "url": "https://jackson-weber.info/"
              }
            }
          ]
        }
      ],
      "title": "Difference Must First Political Others Begin Computer"
    },
    {
      "timestamp": 1576105200,
      "attachments": [
        {
          "data": [
            {
              "life_event": {
                "title": "Difficult News Enough Night Wall Material Term",
                "start_date": {
                  "year": "1990**",
                  "month": "12**",
                  "day": "31**"
                },
                "place": {
                  "name": "Valerieview, West Virginia",
                  "coordinate": {
                    "latitude": 70.4723795,
                    "longitude": -21.581458
                  },
                  "address": "108 Tammy Circle Mosesstad, MI"
                }
              }
            }
          ]
        },
        {
          "data": [
            {
              "place": {
                "name": "Jonathanstad, Nebraska",
                "coordinate": {
                  "latitude": -79.826201,
                  "longitude": 129.688707
                },
                "address": "323 Vaughn Vista Apt. 830 North Krista, AR",
                "url": "http://www.hernandez-chambers.com/"
              }
            }
          ]
        }
      ],
      "title": "Kind Player They Back Behind Usually Charge"
    },
    {
      "timestamp": 1576623600,
      "attachments": [
        {
          "data": [
            {
              "media": {
                "uri": "photos_and_videos/your_posts/some_local_path.jpg",
                "creation_timestamp": 1578351600,
                "media_metadata": {
                  "photo_metadata": {
                    "upload_ip": "129.132.169.110"
                  }
                },
                "title": "Important Follow Dog Tv Material Physical Old"
              }
            }
          ]
        }
      ],
      "title": "Discussion Remain Girl Face Admit For. Serious In Simply"
    },
    {
      "timestamp": 1577746800,
      "attachments": [
        {
          "data": [
            {
              "media": {
                "uri": "photos_and_videos/your_posts/some_local_path.jpg",
                "creation_timestamp": 1578006000,
                "media_metadata": {
                  "photo_metadata": {
                    "upload_ip": "177.146.12.4"
                  }
                },
                "title": "Age Camera Laugh International. Almost Look Task Thus"
              }
            }
          ]
        }
      ],
      "title": "Test Attorney Major Blood"
    },
    {
      "timestamp": 1576278000,
      "attachments": [
        {
          "data": [
            {
              "life_event": {
                "title": "Someone Assume Writer Yet Than Minute Mother",
                "start_date": {
                  "year": "1990**",
                  "month": "12**",
                  "day": "31**"
                },
                "photos": [
                  {
                    "uri": "photos_and_videos/your_posts/some_local_path.jpg**",
                    "creation_timestamp": 1577660400,
                    "media_metadata": {
                      "photo_metadata": {
                        "upload_ip": "217.96.163.194"
                      }
                    },
                    "title": "You changed something on his profile**"
                  }
                ]
              }
            }
          ]
        }
      ],
      "tags": [
        "Jacob Short"
      ]
    },
    {
      "timestamp": 1577833200,
      "title": "System Leave Foot Science Worry Method"
    },
    {
      "timestamp": 1577919600,
      "attachments": [
        {
          "data": [
            {
              "external_context": {
                "name": "Candidate morning"
              }
            }
          ]
        }
      ],
      "title": "That Successful Think Agency Help May Enter"
    },
    {
      "timestamp": 1577228400,
      "attachments": [
        {
          "data": [
            {
              "external_context": {
                "name": "Hand including"
              }
            }
          ]
        }
      ],
      "title": "Maintain Yeah Occur Whole Do Camera Difficult Issue"
    },
    {
      "timestamp": 1576710000,
      "attachments": [
        {
          "data": [
            {
              "external_context": {
                "name": "Crime"
              }
            }
          ]
        }
      ],
      "title": "Rather Keep Bag How Arm Authority Right"
    },
    {
      "timestamp": 1577574000,
      "attachments": [
        {
          "data": [
            {
              "external_context": {
                "name": "Court else you role writer"
              }
            }
          ]
        }
      ],
      "title": "Interesting Every However Choose Glass Bed Glass"
    },
    {
      "timestamp": 1576105200,
      "attachments": [
        {
          "data": [
            {
              "external_context": {
                "name": "Area stuff"
              }
            }
          ]
        }
      ],
      "title": "Remain Environment How Money"
    },
    {
      "timestamp": 1577574000,
      "attachments": [
        {
          "data": [
            {
              "media": {
                "uri": "photos_and_videos/your_posts/some_local_path.jpg",
                "creation_timestamp": 1577314800,
                "media_metadata": {
                  "photo_metadata": {
                    "upload_ip": "149.89.14.243"
                  }
                },
                "title": "Up Election Knowledge Summer Every Possible Still Worry"
              }
            }
          ]
        }
      ],
      "title": "Special Rule Single Easy Customer Charge Seven"
    },
    {
      "timestamp": 1577487600,
      "title": "Organization Dark Institution Pretty Effort"
    },
    {
      "timestamp": 1577142000,
      "title": "Alone Standard Growth"
    },
    {
      "timestamp": 1576278000,
      "title": "Social Method Over Start"
    },
    {
      "timestamp": 1577228400,
      "attachments": [
        {
          "data": [
            {
              "life_event": {
                "title": "Party Hospital Official Republican Tv Southern Pull",
                "start_date": {
                  "year": "1990**",
                  "month": "12**",
                  "day": "31**"
                },
                "place": {
                  "name": "East Jennifer, North Dakota",
                  "coordinate": {
                    "latitude": 1.625189,
                    "longitude": -144.224619
                  },
                  "address": "1049 Guerrero Ville Williammouth, ID"
                }
              }
            }
          ]
        },
        {
          "data": [
            {
              "place": {
                "name": "Andrewmouth, New Jersey",
                "coordinate": {
                  "latitude": 77.549482,
                  "longitude": 83.435939
                },
                "address": "2497 Roy Falls Suite 319 Espinozaview, ND",
                "url": "http://www.adams-williams.com/"
              }
            }
          ]
        }
      ]
    },
    {
      "timestamp": 1577314800,
      "title": "Each Truth Area Tv There Consider. Better Direction Sea"
    },
    {
      "timestamp": 1576969200,
      "title": "Board Nor Owner Page Spring. Live Mission Matter"
    },
    {
      "timestamp": 1577660400,
      "title": "Others Mean Person Drop Customer Create Material"
    },
    {
      "timestamp": 1578351600,
      "title": "Break Option Property Born. Live Civil Always Provide"
    },
    {
      "timestamp": 1577228400,
      "title": "Write Month Pick Soon"
    },
    {
      "timestamp": 1578006000,
      "title": "Black Former Drug Parent Decision"
    },
    {
      "timestamp": 1576623600,
      "title": "Situation Despite Most Example"
    },
    {
      "timestamp": 1576191600,
      "attachments": [
        {
          "data": [
            {
              "life_event": {
                "title": "Not Own Hot These After Enjoy",
                "start_date": {
                  "year": "1990**",
                  "month": "12**",
                  "day": "31**"
                },
                "place": {
                  "name": "East Philip, Hawaii",
                  "coordinate": {
                    "latitude": 11.9299685,
                    "longitude": -138.398316
                  },
                  "address": "8894 Sarah Forge South Nathanstad, AK"
                },
                "photos": [
                  {
                    "uri": "photos_and_videos/your_posts/some_local_path.jpg**",
                    "creation_timestamp": 1576105200,
                    "media_metadata": {
                      "photo_metadata": {
                        "upload_ip": "160.170.131.147"
                      }
                    },
                    "title": "You changed something on his profile**"
                  }
                ]
              }
            }
          ]
        },
        {
          "data": [
            {
              "place": {
                "name": "Mcleanport, Rhode Island",
                "coordinate": {
                  "latitude": 3.3554105,
                  "longitude": 33.234954
                },
                "address": "79506 Mendoza Mill Stephenland, MT",
                "url": "https://weeks.com/"
              }
            }
          ]
        }
      ]
    },
    {
      "timestamp": 1576710000,
      "attachments": [
        {
          "data": [
            {
              "life_event": {
                "title": "Take Protect Already Only Computer Standard",
                "start_date": {
                  "year": "1990**",
                  "month": "12**",
                  "day": "31**"
                },
                "place": {
                  "name": "Maryport, Maryland",
                  "coordinate": {
                    "latitude": -64.440074,
                    "longitude": -152.280389
                  },
                  "address": "4073 Mary Hollow South Holly, OR"
                },
                "photos": [
                  {
                    "uri": "photos_and_videos/your_posts/some_local_path.jpg**",
                    "creation_timestamp": 1576537200,
                    "media_metadata": {
                      "photo_metadata": {
                        "upload_ip": "211.6.13.56"
                      }
                    },
                    "title": "You changed something on his profile**"
                  }
                ]
              }
            }
          ]
        },
        {
          "data": [
            {
              "place": {
                "name": "Patriciaton, Alaska",
                "coordinate": {
                  "latitude": 2.862808,
                  "longitude": 164.639946
                },
                "address": "5082 John Common Port Stevenberg, OK",
                "url": "https://www.benitez-howell.com/"
              }
            }
          ]
        }
      ]
    },
    {
      "timestamp": 1577660400,
      "attachments": [
        {
          "data": [
            {
              "life_event": {
                "title": "Go Street Near With Prepare. Cover Single Late",
                "start_date": {
                  "year": "1990**",
                  "month": "12**",
                  "day": "31**"
                },
                "place": {
                  "name": "Ramirezmouth, Kentucky",
                  "coordinate": {
                    "latitude": -65.1184715,
                    "longitude": 77.202573
                  },
                  "address": "1982 Robert Road Lake Bernardfurt, IL"
                },
                "photos": [
                  {
                    "uri": "photos_and_videos/your_posts/some_local_path.jpg**",
                    "creation_timestamp": 1577833200,
                    "media_metadata": {
                      "photo_metadata": {
                        "upload_ip": "154.184.58.64"
                      }
                    },
                    "title": "You changed something on his profile**"
                  }
                ]
              }
            }
          ]
        },
        {
          "data": [
            {
              "place": {
                "name": "West Andrewmouth, Pennsylvania",
                "coordinate": {
                  "latitude": 23.003208,
                  "longitude": -19.844788
                },
                "address": "4568 Mary Mountains Suite 875 Kathyfort, WI",
                "url": "https://www.johnson.com/"
              }
            }
          ]
        }
      ]
    },
    {
      "timestamp": 1577574000,
      "attachments": [
        {
          "data": [
            {
              "life_event": {
                "title": "Service Green Too First In Issue",
                "start_date": {
                  "year": "1990**",
                  "month": "12**",
                  "day": "31**"
                },
                "place": {
                  "name": "East Larryberg, Arkansas",
                  "coordinate": {
                    "latitude": 70.240841,
                    "longitude": 117.607544
                  },
                  "address": "4791 Mack Springs Apt. 018 Port Allisonton, TN"
                }
              }
            }
          ]
        },
        {
          "data": [
            {
              "place": {
                "name": "East Brendabury, Virginia",
                "coordinate": {
                  "latitude": -27.7154055,
                  "longitude": 145.877488
                },
                "address": "11001 Hoffman Square North Chadport, IA",
                "url": "https://www.hicks.com/"
              }
            }
          ]
        }
      ]
    },
    {
      "timestamp": 1576450800,
      "attachments": [
        {
          "data": [
            {
              "media": {
                "uri": "photos_and_videos/your_posts/some_local_path.jpg",
                "creation_timestamp": 1576364400,
                "media_metadata": {
                  "photo_metadata": {
                    "upload_ip": "214.235.83.118"
                  }
                },
                "title": "Hot Mind Call None Challenge"
              }
            }
          ]
        }
      ],
      "title": "Identify During Big Meeting"
    },
    {
      "timestamp": 1576710000,
      "attachments": [
        {
          "data": [
            {
              "life_event": {
                "title": "Star Write Cover Today. International Recent Top Very",
                "start_date": {
                  "year": "1990**",
                  "month": "12**",
                  "day": "31**"
                },
                "place": {
                  "name": "Johnsonbury, Georgia",
                  "coordinate": {
                    "latitude": 23.5404985,
                    "longitude": -118.067836
                  },
                  "address": "06748 Baker Manor Cherylshire, SC"
                }
              }
            }
          ]
        },
        {
          "data": [
            {
              "place": {
                "name": "Thomasshire, Tennessee",
                "coordinate": {
                  "latitude": 39.776277,
                  "longitude": 115.437705
                },
                "address": "28313 Wolfe Pike Mitchellfort, VT",
                "url": "http://horton-west.com/"
              }
            }
          ]
        }
      ],
      "title": "Which My Region Fire Song Upon Those Professor"
    },
    {
      "timestamp": 1576278000,
      "attachments": [
        {
          "data": [
            {
              "life_event": {
                "title": "Test People Along",
                "place": {
                  "name": "Mackmouth, Washington",
                  "coordinate": {
                    "latitude": 55.9762035,
                    "longitude": -38.045634
                  },
                  "address": "51454 Timothy Run Suite 079 Derrickland, IA"
                },
                "photos": [
                  {
                    "uri": "photos_and_videos/your_posts/some_local_path.jpg**",
                    "creation_timestamp": 1577055600,
                    "media_metadata": {
                      "photo_metadata": {
                        "upload_ip": "153.20.78.56"
                      }
                    },
                    "title": "You changed something on his profile**"
                  }
                ]
              }
            }
          ]
        },
        {
          "data": [
            {
              "place": {
                "name": "Greenhaven, Connecticut",
                "coordinate": {
                  "latitude": 83.4570375,
                  "longitude": -8.106140
                },
                "address": "948 Yvonne Pass Port Jamesland, NJ",
                "url": "https://tanner.com/"
              }
            }
          ]
        }
      ],
      "title": "Region Poor Look Finally Nothing Market Ahead"
    },
    {
      "timestamp": 1578092400,
      "attachments": [
        {
          "data": [
            {
              "media": {
                "uri": "photos_and_videos/your_posts/some_local_path.jpg",
                "creation_timestamp": 1576105200,
                "media_metadata": {
                  "photo_metadata": {
                    "upload_ip": "216.185.204.189"
                  }
                },
                "title": "Ever Lead Majority Under Really"
              }
            }
          ]
        }
      ],
      "title": "Part Expect Example World Go"
    },
    {
      "timestamp": 1577487600,
      "attachments": [
        {
          "data": [
            {
              "life_event": {
                "title": "Skin Establish Realize Manage Fear",
                "start_date": {
                  "year": "1990**",
                  "month": "12**",
                  "day": "31**"
                },
                "place": {
                  "name": "New Teresa, Indiana",
                  "coordinate": {
                    "latitude": -41.1977755,
                    "longitude": -28.424504
                  },
                  "address": "PSC 6516, Box 2612 APO AE"
                }
              }
            }
          ]
        },
        {
          "data": [
            {
              "place": {
                "name": "Mckinneyfort, Maryland",
                "coordinate": {
                  "latitude": -50.190088,
                  "longitude": -83.734949
                },
                "address": "PSC 4290, Box 3294 APO AE",
                "url": "http://www.gonzales-lawson.org/"
              }
            }
          ]
        }
      ],
      "title": "Foreign Especially Choice Finally Land Hot"
    },
    {
      "timestamp": 1577142000,
      "attachments": [
        {
          "data": [
            {
              "media": {
                "uri": "photos_and_videos/your_posts/some_local_path.jpg",
                "creation_timestamp": 1577055600,
                "media_metadata": {
                  "photo_metadata": {
                    "upload_ip": "44.111.202.93"
                  }
                },
                "title": "Low Democrat Worry That Point Yourself Energy Strategy"
              }
            }
          ]
        }
      ],
      "title": "Thus Body Place Indicate Responsibility"
    },
    {
      "timestamp": 1577746800,
      "attachments": [
        {
          "data": [
            {
              "media": {
                "uri": "photos_and_videos/your_posts/some_local_path.jpg",
                "creation_timestamp": 1577055600,
                "media_metadata": {
                  "photo_metadata": {
                    "upload_ip": "213.123.17.138"
                  }
                },
                "title": "Perhaps True Control Half. Both Hundred Fine Race"
              }
            }
          ]
        }
      ],
      "title": "Smile Throw Might Daughter. History Leg Will Notice"
    },
    {
      "timestamp": 1576278000,
      "attachments": [
        {
          "data": [
            {
              "media": {
                "uri": "photos_and_videos/your_posts/some_local_path.jpg",
                "creation_timestamp": 1576364400,
                "media_metadata": {
                  "photo_metadata": {
                    "upload_ip": "221.2.233.192"
                  }
                },
                "title": "Center Own Address War Energy Trial Rather Religious"
              }
            }
          ]
        }
      ],
      "title": "Reveal Rich Blue Miss Particular"
    },
    {
      "timestamp": 1576537200,
      "attachments": [
        {
          "data": [
            {
              "media": {
                "uri": "photos_and_videos/your_posts/some_local_path.jpg",
                "creation_timestamp": 1577660400,
                "media_metadata": {
                  "photo_metadata": {
                    "upload_ip": "133.30.205.118"
                  }
                },
                "title": "Too Democratic Figure Music Ever Notice Always"
              }
            }
          ]
        }
      ],
      "title": "Tonight Benefit Generation Dog Hard Rise Cell Very"
    },
    {
      "timestamp": 1578178800,
      "attachments": [
        {
          "data": [
            {
              "media": {
                "uri": "photos_and_videos/your_posts/some_local_path.jpg",
                "creation_timestamp": 1578524400,
                "media_metadata": {
                  "photo_metadata": {
                    "upload_ip": "161.0.132.130"
                  }
                },
                "title": "Simply Important Special Without Special"
              }
            }
          ]
        }
      ],
      "title": "Choice Those Do"
    },
    {
      "timestamp": 1576278000,
      "attachments": [
        {
          "data": [
            {
              "life_event": {
                "title": "Century Network Likely Forget",
                "start_date": {
                  "year": "1990**",
                  "month": "12**",
                  "day": "31**"
                },
                "place": {
                  "name": "Kellytown, South Dakota",
                  "coordinate": {
                    "latitude": 28.7119675,
                    "longitude": 146.542945
                  },
                  "address": "22004 Sanders Dale North Marymouth, GA"
                }
              }
            }
          ]
        },
        {
          "data": [
            {
              "place": {
                "name": "New George, Maryland",
                "coordinate": {
                  "latitude": 80.461762,
                  "longitude": -158.859598
                },
                "address": "5036 Joel Ramp North Roytown, VA",
                "url": "https://www.olson.com/"
              }
            }
          ]
        }
      ],
      "title": "House Big Technology Public Country Man Choose"
    },
    {
      "timestamp": 1576364400,
      "attachments": [
        {
          "data": [
            {
              "media": {
                "uri": "photos_and_videos/your_posts/some_local_path.jpg",
                "creation_timestamp": 1577919600,
                "media_metadata": {
                  "photo_metadata": {
                    "upload_ip": "6.130.246.30"
                  }
                },
                "title": "Country Mother Take Remember Politics Energy"
              }
            }
          ]
        }
      ],
      "title": "Property West Particular"
    },
    {
      "timestamp": 1577660400,
      "attachments": [
        {
          "data": [
            {
              "media": {
                "uri": "photos_and_videos/your_posts/some_local_path.jpg",
                "creation_timestamp": 1576105200,
                "title": "Despite Parent Doctor Top Get"
              }
            }
          ]
        }
      ],
      "title": "Recent Season Whom Eight Stay Certain Court"
    },
    {
      "timestamp": 1576450800,
      "title": "Reflect Land Upon Woman Effect. Us Option Health"
    },
    {
      "timestamp": 1577487600,
      "attachments": [
        {
          "data": [
            {
              "media": {
                "uri": "photos_and_videos/your_posts/some_local_path.jpg",
                "creation_timestamp": 1578524400,
                "title": "Law Explain Suffer Different Degree"
              }
            }
          ]
        }
      ],
      "title": "Wife Early Story Score Establish Instead Treatment"
    },
    {
      "timestamp": 1577142000,
      "attachments": [
        {
          "data": [
            {
              "media": {
                "uri": "photos_and_videos/your_posts/some_local_path.jpg",
                "creation_timestamp": 1578092400,
                "title": "Arm Pattern Sell Act Alone Camera"
              }
            }
          ]
        }
      ],
      "title": "Option Man Current Wait Republican"
    },
    {
      "timestamp": 1577055600,
      "title": "Focus Understand Seek Against"
    },
    {
      "timestamp": 1576537200,
      "title": "High Behind Institution Back Want"
    },
    {
      "timestamp": 1577574000,
      "title": "Effort Century Authority"
    },
    {
      "timestamp": 1578178800,
      "title": "Modern New Gun Week. Get Trade Player Investment Meeting"
    },
    {
      "timestamp": 1577660400,
      "title": "Meet Among Democratic Join Toward"
    },
    {
      "timestamp": 1577660400,
      "title": "Finally Dark Popular Know Value. Per Computer Little You"
    }
  ]
}