{
  "installed_apps": [
    {
      "name": "Exist Personal Glass This Another Audience Pass Part",
      "added_timestamp": 1577919600
    },
    {
      "name": "Season Beyond Act Step Peace. Door Next Current",
      "added_timestamp": 1578178800
    },
    {
      "name": "Person Indicate Voice Team Pretty Population",
      "added_timestamp": 1578092400
    },
    {
      "name": "Win Success Expect. Modern Fact Let Choice",
      "added_timestamp": 1576191600
    },
    {
      "name": "Already Theory Product Half Night Result",
      "added_timestamp": 1576191600
    },
    {
      "name": "Gun Nor Art Hospital Simply",
      "added_timestamp": 1576796400
    },
    {
      "name": "Team Old Position Consider",
      "added_timestamp": 1578178800
    },
    {
      "name": "Of Open Spring Law Mr Simple",
      "added_timestamp": 1576191600
    },
    {
      "name": "Necessary Morning Enough Out",
      "added_timestamp": 1576450800
    },
    {
      "name": "Rest Yourself Challenge Learn Physical",
      "added_timestamp": 1576623600
    },
    {
      "name": "Relationship Wonder Them His",
      "added_timestamp": 1578265200
    },
    {
      "name": "Here Man Him Industry Address",
      "added_timestamp": 1576105200
    },
    {
      "name": "Matter Break See Arrive. Window Half Run Represent",
      "added_timestamp": 1577228400
    },
    {
      "name": "A Eat Certainly Deal Item Use Spend",
      "added_timestamp": 1577487600
    },
    {
      "name": "Sound Born Trial Building Require This",
      "added_timestamp": 1578524400
    },
    {
      "name": "Treatment Prevent Agency Single Would Trip Begin",
      "added_timestamp": 1577746800
    },
    {
      "name": "Country Big Property Describe Tough",
      "added_timestamp": 1576796400
    },
    {
      "name": "Need Coach Anyone Down Time",
      "added_timestamp": 1577833200
    },
    {
      "name": "Present Left Window Personal Sound Environment",
      "added_timestamp": 1577055600
    },
    {
      "name": "Together Lawyer Course Sport Up Tree",
      "added_timestamp": 1577487600
    },
    {
      "name": "Window While Improve Say Economic Seek Because",
      "added_timestamp": 1578524400
    },
    {
      "name": "Why Front Blue Site Sound. Baby Begin Life Ability",
      "added_timestamp": 1577833200
    },
    {
      "name": "When Relationship Like Bit",
      "added_timestamp": 1578438000
    },
    {
      "name": "Act Help Fear Stop Far",
      "added_timestamp": 1577055600
    },
    {
      "name": "Walk Election Bill. Concern Power Year Citizen",
      "added_timestamp": 1578524400
    },
    {
      "name": "Movement Pm Quickly He Thousand Contain",
      "added_timestamp": 1577401200
    },
    {
      "name": "Wait Bag Avoid Institution",
      "added_timestamp": 1577401200
    },
    {
      "name": "Mission Relate Commercial Development Entire Cold",
      "added_timestamp": 1576278000
    },
    {
      "name": "Great Reach Standard",
      "added_timestamp": 1577574000
    },
    {
      "name": "Cost Continue Course Leave Stay Service Step",
      "added_timestamp": 1576364400
    },
    {
      "name": "Too Government Record Example Rule",
      "added_timestamp": 1576537200
    },
    {
      "name": "Prove Air Thank Question",
      "added_timestamp": 1578178800
    },
    {
      "name": "Factor Reach Successful Should Smile Give",
      "added_timestamp": 1578524400
    },
    {
      "name": "Similar Meet Student Wrong",
      "added_timestamp": 1577487600
    },
    {
      "name": "Rate A Boy Who Summer Run Might",
      "added_timestamp": 1576537200
    },
    {
      "name": "Live Board Others Allow Smile Produce",
      "added_timestamp": 1577660400
    },
    {
      "name": "Marriage How Eat Receive And Condition Fire",
      "added_timestamp": 1576882800
    },
    {
      "name": "Class Attack Admit Sea",
      "added_timestamp": 1576450800
    },
    {
      "name": "Education Second Hear Tree",
      "added_timestamp": 1578524400
    },
    {
      "name": "Just Treatment Well",
      "added_timestamp": 1578178800
    },
    {
      "name": "Actually Require Mean Debate",
      "added_timestamp": 1576623600
    },
    {
      "name": "Building Future Forget Address",
      "added_timestamp": 1576796400
    },
    {
      "name": "Accept Black Movement That Information Me Early",
      "added_timestamp": 1577228400
    },
    {
      "name": "Thank Although Media Or Author Stand Race",
      "added_timestamp": 1578351600
    },
    {
      "name": "Every How Option Writer Shake Child",
      "added_timestamp": 1577401200
    },
    {
      "name": "Prepare Something Will Against",
      "added_timestamp": 1578351600
    },
    {
      "name": "Degree So Their Color Letter",
      "added_timestamp": 1578178800
    },
    {
      "name": "Hear Region Word Final Couple Grow Mission",
      "added_timestamp": 1577833200
    },
    {
      "name": "Performance Then Election Hand Huge Ground",
      "added_timestamp": 1578524400
    }
  ]
}