{
  "app_posts": [
    {
      "timestamp": 1576969200,
      "attachments": [
        {
          "data": [
            {
              "external_context": {
                "name": "Timothy Wheeler",
                "url": "photos_and_videos/your_posts/some_local_path.jpg"
              }
            }
          ]
        }
      ],
      "title": "Any eye along couple voice"
    },
    {
      "timestamp": 1578092400,
      "attachments": [
        {
          "data": [
            {
              "external_context": {
                "name": "Autumn Mcbride",
                "url": "photos_and_videos/your_posts/some_local_path.jpg"
              }
            }
          ]
        }
      ],
      "title": "Unit fund network social"
    },
    {
      "timestamp": 1577746800,
      "attachments": [
        {
          "data": [
            {
              "external_context": {
                "name": "Joseph Miller",
                "url": "photos_and_videos/your_posts/some_local_path.jpg"
              }
            }
          ]
        }
      ],
      "title": "Party record begin onto"
    },
    {
      "timestamp": 1578265200,
      "attachments": [
        {
          "data": [
            {
              "external_context": {
                "name": "Joshua Martin",
                "url": "photos_and_videos/your_posts/some_local_path.jpg"
              }
            }
          ]
        }
      ],
      "title": "Cover exactly police"
    },
    {
      "timestamp": 1577228400,
      "attachments": [
        {
          "data": [
            {
              "external_context": {
                "name": "Sandra Herman",
                "url": "photos_and_videos/your_posts/some_local_path.jpg"
              }
            }
          ]
        }
      ],
      "title": "North action either catch"
    },
    {
      "timestamp": 1578351600,
      "attachments": [
        {
          "data": [
            {
              "external_context": {
                "name": "Joanne Lowe",
                "url": "photos_and_videos/your_posts/some_local_path.jpg"
              }
            }
          ]
        }
      ],
      "title": "Near hear weight modern"
    },
    {
      "timestamp": 1577574000,
      "title": "Free safe third nor"
    },
    {
      "timestamp": 1577314800,
      "attachments": [
        {
          "data": [
            {
              "external_context": {
                "name": "Jason Caldwell",
                "url": "photos_and_videos/your_posts/some_local_path.jpg"
              }
            }
          ]
        }
      ],
      "title": "National us voice poor"
    },
    {
      "timestamp": 1576105200,
      "attachments": [
        {
          "data": [
            {
              "external_context": {
                "name": "Dana Russell",
                "url": "photos_and_videos/your_posts/some_local_path.jpg"
              }
            }
          ]
        }
      ],
      "title": "Along play health"
    },
    {
      "timestamp": 1578438000,
      "attachments": [
        {
          "data": [
            {
              "external_context": {
                "name": "Alexandra Henry",
                "url": "photos_and_videos/your_posts/some_local_path.jpg"
              }
            }
          ]
        }
      ],
      "title": "Scene strategy by"
    },
    {
      "timestamp": 1576969200,
      "attachments": [
        {
          "data": [
            {
              "external_context": {
                "name": "Melanie Stone",
                "url": "photos_and_videos/your_posts/some_local_path.jpg"
              }
            }
          ]
        }
      ],
      "title": "Participant building phone"
    },
    {
      "timestamp": 1576969200,
      "attachments": [
        {
          "data": [
            {
              "external_context": {
                "name": "James Nash",
                "url": "photos_and_videos/your_posts/some_local_path.jpg"
              }
            }
          ]
        }
      ],
      "title": "Hot sea able apply officer"
    },
    {
      "timestamp": 1578524400,
      "attachments": [
        {
          "data": [
            {
              "external_context": {
                "name": "Tommy Smith",
                "url": "photos_and_videos/your_posts/some_local_path.jpg"
              }
            }
          ]
        }
      ],
      "title": "Skill field they relate"
    },
    {
      "timestamp": 1576278000,
      "attachments": [
        {
          "data": [
            {
              "external_context": {
                "name": "Emily Lin",
                "url": "photos_and_videos/your_posts/some_local_path.jpg"
              }
            }
          ]
        }
      ],
      "title": "Reason number western"
    },
    {
      "timestamp": 1576278000,
      "attachments": [
        {
          "data": [
            {
              "external_context": {
                "name": "Emily Garcia",
                "url": "photos_and_videos/your_posts/some_local_path.jpg"
              }
            }
          ]
        }
      ],
      "title": "Despite adult white course"
    },
    {
      "timestamp": 1577314800,
      "attachments": [
        {
          "data": [
            {
              "external_context": {
                "name": "Christina Patel",
                "url": "photos_and_videos/your_posts/some_local_path.jpg"
              }
            }
          ]
        }
      ],
      "title": "Fund early take kind spend"
    },
    {
      "timestamp": 1576278000,
      "attachments": [
        {
          "data": [
            {
              "external_context": {
                "name": "Amy Williams",
                "url": "photos_and_videos/your_posts/some_local_path.jpg"
              }
            }
          ]
        }
      ],
      "title": "Discussion teach open bar"
    },
    {
      "timestamp": 1578351600,
      "title": "Week about sit could pull"
    },
    {
      "timestamp": 1577401200,
      "attachments": [
        {
          "data": [
            {
              "external_context": {
                "name": "Zachary Moore",
                "url": "photos_and_videos/your_posts/some_local_path.jpg"
              }
            }
          ]
        }
      ],
      "title": "Coach use also could card"
    },
    {
      "timestamp": 1576450800,
      "attachments": [
        {
          "data": [
            {
              "external_context": {
                "name": "Susan Gordon",
                "url": "photos_and_videos/your_posts/some_local_path.jpg"
              }
            }
          ]
        }
      ],
      "title": "Take go son another"
    },
    {
      "timestamp": 1578524400,
      "attachments": [
        {
          "data": [
            {
              "external_context": {
                "name": "Bradley Carpenter",
                "url": "photos_and_videos/your_posts/some_local_path.jpg"
              }
            }
          ]
        }
      ],
      "title": "Large statement across do"
    },
    {
      "timestamp": 1576969200,
      "attachments": [
        {
          "data": [
            {
              "external_context": {
                "name": "Laura Franklin",
                "url": "photos_and_videos/your_posts/some_local_path.jpg"
              }
            }
          ]
        }
      ],
      "title": "Single citizen lawyer"
    },
    {
      "timestamp": 1577142000,
      "attachments": [
        {
          "data": [
            {
              "external_context": {
                "name": "Lee Curtis",
                "url": "photos_and_videos/your_posts/some_local_path.jpg"
              }
            }
          ]
        }
      ],
      "title": "Every section begin list"
    },
    {
      "timestamp": 1576969200,
      "attachments": [
        {
          "data": [
            {
              "external_context": {
                "name": "Lisa Chung",
                "url": "photos_and_videos/your_posts/some_local_path.jpg"
              }
            }
          ]
        }
      ],
      "title": "Magazine yes truth"
    },
    {
      "timestamp": 1577142000,
      "attachments": [
        {
          "data": [
            {
              "external_context": {
                "name": "Ricky Watson",
                "url": "photos_and_videos/your_posts/some_local_path.jpg"
              }
            }
          ]
        }
      ],
      "title": "Should raise yeah artist"
    },
    {
      "timestamp": 1577228400,
      "attachments": [
        {
          "data": [
            {
              "external_context": {
                "name": "Christian Obrien",
                "url": "photos_and_videos/your_posts/some_local_path.jpg"
              }
            }
          ]
        }
      ],
      "title": "Care bag new our boy"
    },
    {
      "timestamp": 1578438000,
      "attachments": [
        {
          "data": [
            {
              "external_context": {
                "name": "Scott Cole",
                "url": "photos_and_videos/your_posts/some_local_path.jpg"
              }
            }
          ]
        }
      ],
      "title": "Instead add friend"
    },
    {
      "timestamp": 1576969200,
      "attachments": [
        {
          "data": [
            {
              "external_context": {
                "name": "Steven Lynch",
                "url": "photos_and_videos/your_posts/some_local_path.jpg"
              }
            }
          ]
        }
      ],
      "title": "Born discussion whatever"
    },
    {
      "timestamp": 1577574000,
      "title": "Catch claim save risk be"
    },
    {
      "timestamp": 1577314800,
      "title": "Increase though near"
    },
    {
      "timestamp": 1576191600,
      "title": "Policy exist ok short"
    },
    {
      "timestamp": 1578524400,
      "title": "Ten traditional sea"
    },
    {
      "timestamp": 1578092400,
      "title": "Style what more first win"
    },
    {
      "timestamp": 1576537200,
      "title": "Step mind dog water"
    },
    {
      "timestamp": 1576796400,
      "title": "Popular million thus world"
    },
    {
      "timestamp": 1577487600,
      "title": "Professor player perhaps"
    },
    {
      "timestamp": 1577142000,
      "title": "Impact any guy successful"
    },
    {
      "timestamp": 1577401200,
      "title": "Nearly thank during sell"
    },
    {
      "timestamp": 1577833200,
      "title": "Nature build not but"
    },
    {
      "timestamp": 1576191600,
      "title": "Wear difference collection"
    },
    {
      "timestamp": 1576796400,
      "title": "Number a history their"
    },
    {
      "timestamp": 1577487600,
      "title": "Well drug fine find"
    },
    {
      "timestamp": 1576796400,
      "title": "Light yeah ask kitchen"
    },
    {
      "timestamp": 1577487600,
      "title": "Dream your task"
    },
    {
      "timestamp": 1576278000,
      "title": "Imagine artist range"
    },
    {
      "timestamp": 1578265200,
      "title": "Third idea instead kind"
    },
    {
      "timestamp": 1578178800,
      "title": "Tree Democrat test true"
    },
    {
      "timestamp": 1576882800,
      "title": "Hope use up sport"
    },
    {
      "timestamp": 1576450800,
      "title": "Performance ok budget wall"
    },
    {
      "timestamp": 1578438000,
      "title": "Leg focus group party"
    },
    {
      "timestamp": 1578006000,
      "title": "Today around environmental"
    },
    {
      "timestamp": 1576105200,
      "title": "Machine chair put"
    },
    {
      "timestamp": 1577055600,
      "title": "Away green ground"
    },
    {
      "timestamp": 1577746800,
      "title": "Capital others indeed then"
    },
    {
      "timestamp": 1577401200,
      "title": "Case employee answer town"
    },
    {
      "timestamp": 1577574000,
      "title": "Hundred bar painting act"
    },
    {
      "timestamp": 1576537200,
      "title": "Spring voice single move"
    },
    {
      "timestamp": 1576796400,
      "title": "Home single describe few"
    },
    {
      "timestamp": 1577142000,
      "title": "Account blood social know"
    },
    {
      "timestamp": 1578178800,
      "title": "Small need party activity"
    },
    {
      "timestamp": 1576537200,
      "title": "Drug figure in control"
    },
    {
      "timestamp": 1576105200,
      "title": "Several just issue cold"
    },
    {
      "timestamp": 1576278000,
      "title": "Finish who by marriage"
    },
    {
      "timestamp": 1576105200,
      "title": "Later gas tend guess"
    },
    {
      "timestamp": 1577919600,
      "title": "Section audience always"
    },
    {
      "timestamp": 1576450800,
      "title": "Hear there front"
    },
    {
      "timestamp": 1576105200,
      "title": "Here two when"
    },
    {
      "timestamp": 1577660400,
      "title": "Dark score behavior doctor"
    },
    {
      "timestamp": 1577401200,
      "title": "Moment take heart"
    },
    {
      "timestamp": 1576969200,
      "title": "Easy kid write"
    },
    {
      "timestamp": 1576796400,
      "title": "Hour century many fine"
    },
    {
      "timestamp": 1576623600,
      "title": "Believe similar explain"
    },
    {
      "timestamp": 1576882800,
      "title": "Hit garden fill"
    },
    {
      "timestamp": 1576710000,
      "title": "Arm threat live"
    },
    {
      "timestamp": 1577401200,
      "title": "Language marriage let"
    },
    {
      "timestamp": 1576969200,
      "title": "Chair go produce"
    },
    {
      "timestamp": 1576191600,
      "title": "Half its chair"
    },
    {
      "timestamp": 1577660400,
      "title": "Child car weight firm"
    },
    {
      "timestamp": 1578265200,
      "title": "Meeting hand response ask"
    },
    {
      "timestamp": 1576537200,
      "title": "Bag in address pass she"
    },
    {
      "timestamp": 1576882800,
      "title": "Interview enough beautiful"
    },
    {
      "timestamp": 1576969200,
      "title": "After law yard story"
    },
    {
      "timestamp": 1577919600,
      "title": "Degree its tough listen"
    },
    {
      "timestamp": 1576796400,
      "title": "Family season rather"
    },
    {
      "timestamp": 1577487600,
      "title": "Your total her"
    },
    {
      "timestamp": 1577055600,
      "title": "Yard the himself choose"
    },
    {
      "timestamp": 1576710000,
      "title": "Picture lay market prove"
    },
    {
      "timestamp": 1577919600,
      "title": "Short speech boy election"
    },
    {
      "timestamp": 1577055600,
      "title": "If contain begin style"
    }
  ]
}