{
  "page_likes": [
    {
      "name": "Challenge",
      "timestamp": 1577746800
    },
    {
      "name": "Pass",
      "timestamp": 1577055600
    },
    {
      "name": "Expert",
      "timestamp": 1576105200
    },
    {
      "name": "Those",
      "timestamp": 1577746800
    },
    {
      "name": "Attorney",
      "timestamp": 1578351600
    },
    {
      "name": "Produce",
      "timestamp": 1578265200
    },
    {
      "name": "Strong Ago",
      "timestamp": 1576105200
    },
    {
      "name": "Available",
      "timestamp": 1576710000
    },
    {
      "name": "Chance",
      "timestamp": 1578524400
    },
    {
      "name": "Prove",
      "timestamp": 1576623600
    },
    {
      "name": "Really",
      "timestamp": 1576364400
    },
    {
      "name": "Company",
      "timestamp": 1577746800
    },
    {
      "name": "Rich",
      "timestamp": 1576969200
    },
    {
      "name": "Wish",
      "timestamp": 1578265200
    },
    {
      "name": "Save There",
      "timestamp": 1578524400
    },
    {
      "name": "Consider",
      "timestamp": 1576278000
    },
    {
      "name": "Sport",
      "timestamp": 1578265200
    },
    {
      "name": "Often",
      "timestamp": 1577746800
    },
    {
      "name": "Deal They",
      "timestamp": 1577401200
    },
    {
      "name": "Beat Let",
      "timestamp": 1577401200
    },
    {
      "name": "Report Sit",
      "timestamp": 1577919600
    },
    {
      "name": "List",
      "timestamp": 1576191600
    },
    {
      "name": "Care",
      "timestamp": 1578178800
    },
    {
      "name": "Into Note",
      "timestamp": 1576191600
    },
    {
      "name": "Same",
      "timestamp": 1576364400
    },
    {
      "name": "Remember",
      "timestamp": 1576450800
    },
    {
      "name": "Prepare",
      "timestamp": 1576105200
    },
    {
      "name": "Allow",
      "timestamp": 1576710000
    },
    {
      "name": "Address",
      "timestamp": 1577487600
    },
    {
      "name": "Adult",
      "timestamp": 1577401200
    },
    {
      "name": "Appear",
      "timestamp": 1578351600
    },
    {
      "name": "City Human",
      "timestamp": 1578438000
    },
    {
      "name": "Tough Ever",
      "timestamp": 1578265200
    },
    {
      "name": "Us Each",
      "timestamp": 1577746800
    },
    {
      "name": "Hear Other",
      "timestamp": 1576364400
    },
    {
      "name": "Whose",
      "timestamp": 1576278000
    },
    {
      "name": "White",
      "timestamp": 1577487600
    },
    {
      "name": "Control",
      "timestamp": 1577746800
    },
    {
      "name": "Trade Red",
      "timestamp": 1576623600
    },
    {
      "name": "Ahead",
      "timestamp": 1576105200
    },
    {
      "name": "Area Grow",
      "timestamp": 1576710000
    },
    {
      "name": "Computer",
      "timestamp": 1576882800
    },
    {
      "name": "Hard Go",
      "timestamp": 1576710000
    },
    {
      "name": "Past Bad",
      "timestamp": 1578438000
    },
    {
      "name": "Cup South",
      "timestamp": 1576796400
    },
    {
      "name": "From There",
      "timestamp": 1578006000
    },
    {
      "name": "Cut",
      "timestamp": 1577746800
    },
    {
      "name": "Develop",
      "timestamp": 1576450800
    },
    {
      "name": "Visit Sign",
      "timestamp": 1577919600
    },
    {
      "name": "Believe",
      "timestamp": 1578178800
    },
    {
      "name": "Might",
      "timestamp": 1576882800
    },
    {
      "name": "Protect",
      "timestamp": 1577833200
    },
    {
      "name": "Door Talk",
      "timestamp": 1576364400
    },
    {
      "name": "Home Card",
      "timestamp": 1576882800
    },
    {
      "name": "Measure",
      "timestamp": 1577228400
    },
    {
      "name": "Four",
      "timestamp": 1576882800
    },
    {
      "name": "Total",
      "timestamp": 1576882800
    },
    {
      "name": "All Still",
      "timestamp": 1578524400
    },
    {
      "name": "Voice",
      "timestamp": 1578178800
    },
    {
      "name": "Believe",
      "timestamp": 1577228400
    },
    {
      "name": "Agent Tax",
      "timestamp": 1577401200
    },
    {
      "name": "Forget",
      "timestamp": 1578351600
    },
    {
      "name": "Weight Old",
      "timestamp": 1578178800
    },
    {
      "name": "School",
      "timestamp": 1577833200
    },
    {
      "name": "Down",
      "timestamp": 1578092400
    },
    {
      "name": "Huge Group",
      "timestamp": 1577660400
    },
    {
      "name": "Big Force",
      "timestamp": 1576623600
    },
    {
      "name": "In Expect",
      "timestamp": 1577660400
    },
    {
      "name": "Address",
      "timestamp": 1577919600
    },
    {
      "name": "Us To",
      "timestamp": 1577487600
    },
    {
      "name": "Color Call",
      "timestamp": 1576105200
    },
    {
      "name": "For",
      "timestamp": 1576364400
    },
    {
      "name": "Carry They",
      "timestamp": 1577833200
    },
    {
      "name": "Great Live",
      "timestamp": 1578006000
    },
    {
      "name": "Figure",
      "timestamp": 1577919600
    },
    {
      "name": "Decision",
      "timestamp": 1577487600
    },
    {
      "name": "Resource",
      "timestamp": 1577314800
    },
    {
      "name": "Everybody",
      "timestamp": 1577919600
    },
    {
      "name": "Seven",
      "timestamp": 1576969200
    },
    {
      "name": "Crime",
      "timestamp": 1578006000
    },
    {
      "name": "Soldier",
      "timestamp": 1576623600
    },
    {
      "name": "Democratic",
      "timestamp": 1577401200
    },
    {
      "name": "Wish",
      "timestamp": 1576882800
    },
    {
      "name": "Always",
      "timestamp": 1576537200
    },
    {
      "name": "Here Age",
      "timestamp": 1578438000
    },
    {
      "name": "Approach",
      "timestamp": 1578524400
    },
    {
      "name": "Beautiful",
      "timestamp": 1576278000
    },
    {
      "name": "Why",
      "timestamp": 1577660400
    },
    {
      "name": "Fill",
      "timestamp": 1576105200
    },
    {
      "name": "Long Again",
      "timestamp": 1578092400
    },
    {
      "name": "Wear Thank",
      "timestamp": 1577487600
    },
    {
      "name": "Blue My",
      "timestamp": 1577314800
    },
    {
      "name": "Sometimes",
      "timestamp": 1578265200
    },
    {
      "name": "Central",
      "timestamp": 1577574000
    },
    {
      "name": "Half Music",
      "timestamp": 1576364400
    },
    {
      "name": "Member Day",
      "timestamp": 1578006000
    },
    {
      "name": "Cut Media",
      "timestamp": 1576191600
    },
    {
      "name": "Despite",
      "timestamp": 1576969200
    },
    {
      "name": "Owner Fly",
      "timestamp": 1577487600
    },
    {
      "name": "Ball",
      "timestamp": 1578351600
    },
    {
      "name": "Wonder",
      "timestamp": 1577487600
    },
    {
      "name": "Instead",
      "timestamp": 1578524400
    },
    {
      "name": "Effect",
      "timestamp": 1576882800
    },
    {
      "name": "Consumer",
      "timestamp": 1577833200
    },
    {
      "name": "Possible",
      "timestamp": 1578438000
    },
    {
      "name": "Worry",
      "timestamp": 1578524400
    },
    {
      "name": "Bit",
      "timestamp": 1578006000
    },
    {
      "name": "Tend",
      "timestamp": 1577833200
    },
    {
      "name": "Find",
      "timestamp": 1577574000
    },
    {
      "name": "Position",
      "timestamp": 1576969200
    },
    {
      "name": "Today",
      "timestamp": 1578524400
    },
    {
      "name": "Tax Would",
      "timestamp": 1576710000
    },
    {
      "name": "Somebody",
      "timestamp": 1577314800
    },
    {
      "name": "Bag",
      "timestamp": 1576537200
    },
    {
      "name": "Company",
      "timestamp": 1576537200
    },
    {
      "name": "Onto",
      "timestamp": 1578265200
    },
    {
      "name": "Local",
      "timestamp": 1577574000
    },
    {
      "name": "Management",
      "timestamp": 1578006000
    },
    {
      "name": "Morning",
      "timestamp": 1577055600
    },
    {
      "name": "Make",
      "timestamp": 1576710000
    },
    {
      "name": "Fact Along",
      "timestamp": 1577746800
    },
    {
      "name": "Raise",
      "timestamp": 1576537200
    },
    {
      "name": "Draw Able",
      "timestamp": 1576278000
    },
    {
      "name": "You Next",
      "timestamp": 1576450800
    },
    {
      "name": "Difference",
      "timestamp": 1578265200
    },
    {
      "name": "Quite Low",
      "timestamp": 1576537200
    },
    {
      "name": "Window Lay",
      "timestamp": 1578438000
    },
    {
      "name": "Body",
      "timestamp": 1576882800
    },
    {
      "name": "Anyone",
      "timestamp": 1577574000
    },
    {
      "name": "Over Call",
      "timestamp": 1577228400
    },
    {
      "name": "Want",
      "timestamp": 1576191600
    },
    {
      "name": "Star View",
      "timestamp": 1578351600
    },
    {
      "name": "Identify",
      "timestamp": 1576450800
    },
    {
      "name": "Perform",
      "timestamp": 1577833200
    },
    {
      "name": "Strategy",
      "timestamp": 1577746800
    },
    {
      "name": "Against",
      "timestamp": 1578006000
    },
    {
      "name": "And",
      "timestamp": 1577919600
    },
    {
      "name": "Magazine",
      "timestamp": 1576623600
    },
    {
      "name": "Church Ago",
      "timestamp": 1578351600
    },
    {
      "name": "Window I",
      "timestamp": 1576191600
    },
    {
      "name": "Save Reach",
      "timestamp": 1577055600
    },
    {
      "name": "Contain",
      "timestamp": 1577746800
    },
    {
      "name": "Walk",
      "timestamp": 1576882800
    },
    {
      "name": "Heavy",
      "timestamp": 1576710000
    },
    {
      "name": "Official",
      "timestamp": 1576364400
    },
    {
      "name": "Our Firm",
      "timestamp": 1576364400
    },
    {
      "name": "Affect",
      "timestamp": 1577228400
    },
    {
      "name": "Sound",
      "timestamp": 1577746800
    },
    {
      "name": "White But",
      "timestamp": 1577314800
    },
    {
      "name": "Understand",
      "timestamp": 1576450800
    },
    {
      "name": "Republican",
      "timestamp": 1576450800
    },
    {
      "name": "Drug",
      "timestamp": 1576969200
    },
    {
      "name": "Enough",
      "timestamp": 1576796400
    },
    {
      "name": "Break",
      "timestamp": 1577574000
    },
    {
      "name": "Such Dark",
      "timestamp": 1577833200
    },
    {
      "name": "Clear",
      "timestamp": 1577401200
    },
    {
      "name": "Provide",
      "timestamp": 1578351600
    },
    {
      "name": "Easy Song",
      "timestamp": 1577746800
    },
    {
      "name": "Discover",
      "timestamp": 1577660400
    },
    {
      "name": "Make",
      "timestamp": 1577228400
    },
    {
      "name": "Would",
      "timestamp": 1576364400
    },
    {
      "name": "Fast Rock",
      "timestamp": 1577660400
    },
    {
      "name": "Kind Call",
      "timestamp": 1576191600
    },
    {
      "name": "Woman Fear",
      "timestamp": 1577919600
    },
    {
      "name": "Third",
      "timestamp": 1576105200
    },
    {
      "name": "Hospital",
      "timestamp": 1577919600
    },
    {
      "name": "Board Nor",
      "timestamp": 1578092400
    },
    {
      "name": "Kid",
      "timestamp": 1578438000
    },
    {
      "name": "Instead",
      "timestamp": 1577228400
    },
    {
      "name": "Its",
      "timestamp": 1577142000
    },
    {
      "name": "Republican",
      "timestamp": 1576882800
    },
    {
      "name": "Popular",
      "timestamp": 1578438000
    },
    {
      "name": "Season",
      "timestamp": 1577746800
    },
    {
      "name": "Pass",
      "timestamp": 1576537200
    },
    {
      "name": "Police",
      "timestamp": 1578438000
    },
    {
      "name": "Program",
      "timestamp": 1578178800
    },
    {
      "name": "Woman Read",
      "timestamp": 1576796400
    },
    {
      "name": "Society",
      "timestamp": 1578006000
    },
    {
      "name": "Site Hope",
      "timestamp": 1577833200
    },
    {
      "name": "Forget",
      "timestamp": 1576796400
    },
    {
      "name": "Plan Each",
      "timestamp": 1577142000
    },
    {
      "name": "Nor Ask",
      "timestamp": 1577487600
    },
    {
      "name": "Well",
      "timestamp": 1578438000
    },
    {
      "name": "Peace",
      "timestamp": 1578092400
    },
    {
      "name": "Bar",
      "timestamp": 1577055600
    },
    {
      "name": "With",
      "timestamp": 1577919600
    },
    {
      "name": "Bag Star",
      "timestamp": 1577660400
    },
    {
      "name": "Owner No",
      "timestamp": 1577401200
    },
    {
      "name": "Picture",
      "timestamp": 1578438000
    },
    {
      "name": "Affect",
      "timestamp": 1576191600
    },
    {
      "name": "Accept",
      "timestamp": 1577833200
    },
    {
      "name": "Hundred",
      "timestamp": 1578438000
    },
    {
      "name": "Hit Try",
      "timestamp": 1578351600
    },
    {
      "name": "Determine",
      "timestamp": 1577487600
    },
    {
      "name": "Design",
      "timestamp": 1576450800
    },
    {
      "name": "Begin",
      "timestamp": 1576364400
    },
    {
      "name": "Baby",
      "timestamp": 1577055600
    },
    {
      "name": "Production",
      "timestamp": 1577401200
    },
    {
      "name": "He Face",
      "timestamp": 1578092400
    },
    {
      "name": "Happy None",
      "timestamp": 1577919600
    },
    {
      "name": "Even Baby",
      "timestamp": 1576105200
    },
    {
      "name": "Character",
      "timestamp": 1578265200
    },
    {
      "name": "Defense",
      "timestamp": 1577487600
    },
    {
      "name": "Season Day",
      "timestamp": 1577660400
    },
    {
      "name": "If Address",
      "timestamp": 1576364400
    },
    {
      "name": "Pick Cold",
      "timestamp": 1576623600
    },
    {
      "name": "Why Guy",
      "timestamp": 1577919600
    },
    {
      "name": "Another",
      "timestamp": 1576191600
    },
    {
      "name": "Article",
      "timestamp": 1577660400
    },
    {
      "name": "Western",
      "timestamp": 1576278000
    },
    {
      "name": "Now Apply",
      "timestamp": 1577487600
    },
    {
      "name": "Main",
      "timestamp": 1578006000
    },
    {
      "name": "Career",
      "timestamp": 1578006000
    }
  ]
}