{
  "history": [
    {
      "title": "Simply At Land Federal",
      "action": null,
      "timestamp": 1576364400
    },
    {
      "title": "The Window Finish Truth",
      "action": null,
      "timestamp": 1578265200
    },
    {
      "title": "Opportunity Us",
      "action": null,
      "timestamp": 1576105200
    },
    {
      "title": "Plan Space",
      "action": null,
      "timestamp": 1577401200
    },
    {
      "title": "Sometimes",
      "action": null,
      "timestamp": 1576191600
    }
  ]
}