{
  "location_entries": [
    {
      "address": "01648 Luna Terrace Apt. 789 East Rachelville, DE",
      "coordinate": {
        "latitude": -39.504213,
        "longitude": 11.226604
      },
      "name": "Kevinside, Iowa",
      "timestamp": 0,
      "ip_address": "69.53.91.28"
    },
    {
      "address": "6100 Escobar Groves Lauraport, AK",
      "coordinate": {
        "latitude": 56.7953865,
        "longitude": 104.257344
      },
      "name": "Melindamouth, Colorado",
      "timestamp": 0,
      "ip_address": "121.132.88.172"
    },
    {
      "address": "732 Molina Spurs Apt. 207 Estesshire, MA",
      "coordinate": {
        "latitude": 29.268799,
        "longitude": 14.059125
      },
      "name": "Shawland, Montana",
      "timestamp": 0,
      "ip_address": "32.190.124.99"
    },
    {
      "address": "864 Keith Passage South Morganland, ID",
      "coordinate": {
        "latitude": -77.4883255,
        "longitude": 115.616260
      },
      "name": "New Benjamin, Virginia",
      "timestamp": 0,
      "ip_address": "223.206.80.121"
    },
    {
      "address": "29622 Hayes Isle Thomasport, IL",
      "coordinate": {
        "latitude": -14.7818295,
        "longitude": -46.483066
      },
      "name": "New Marissaville, Rhode Island",
      "timestamp": 0,
      "ip_address": "193.28.144.106"
    },
    {
      "address": "7800 Valenzuela Key Port Sandra, AK",
      "coordinate": {
        "latitude": 60.6353755,
        "longitude": 48.483574
      },
      "name": "West Brandonside, Mississippi",
      "timestamp": 0,
      "ip_address": "138.210.117.227"
    },
    {
      "address": "96367 Juan Walk South Tonya, NJ",
      "coordinate": {
        "latitude": 40.5208315,
        "longitude": 96.917059
      },
      "name": "Rodgersmouth, Hawaii",
      "timestamp": 0,
      "ip_address": "158.166.140.225"
    },
    {
      "address": "PSC 5924, Box 7442 APO AA",
      "coordinate": {
        "latitude": -43.4034825,
        "longitude": -56.640301
      },
      "name": "Conniechester, Colorado",
      "timestamp": 0,
      "ip_address": "65.81.219.165"
    },
    {
      "address": "162 Johnson Trail Apt. 836 Campbellstad, HI",
      "coordinate": {
        "latitude": -54.9825855,
        "longitude": 86.595838
      },
      "name": "Harveyton, Wyoming",
      "timestamp": 0,
      "ip_address": "126.108.71.78"
    },
    {
      "address": "73528 Price Trafficway Apt. 527 Campbellstad, PA",
      "coordinate": {
        "latitude": 75.743787,
        "longitude": 112.736093
      },
      "name": "New Jill, Florida",
      "timestamp": 0,
      "ip_address": "175.133.219.171"
    },
    {
      "address": "0983 Lori Prairie Apt. 468 Josefort, OR",
      "coordinate": {
        "latitude": -41.543446,
        "longitude": -152.713341
      },
      "name": "Martinside, Hawaii",
      "timestamp": 0,
      "ip_address": "177.235.41.97"
    },
    {
      "address": "032 Nunez Underpass Suite 252 Charlestown, IN",
      "coordinate": {
        "latitude": -69.821674,
        "longitude": 58.118173
      },
      "name": "Kristenville, New Jersey",
      "timestamp": 0,
      "ip_address": "200.149.193.89"
    },
    {
      "address": "945 Kurt Causeway Suite 806 Melissaton, UT",
      "coordinate": {
        "latitude": -34.8638765,
        "longitude": -94.794284
      },
      "name": "West Moniquetown, Colorado",
      "timestamp": 0,
      "ip_address": "64.225.39.161"
    },
    {
      "address": "5239 Fuller Lane North Benjamin, CA",
      "coordinate": {
        "latitude": -31.577748,
        "longitude": -103.340888
      },
      "name": "Paulafurt, Washington",
      "timestamp": 0,
      "ip_address": "141.139.119.56"
    },
    {
      "address": "180 Burgess Ranch Suite 426 Robertchester, MT",
      "coordinate": {
        "latitude": -86.0716585,
        "longitude": -68.417984
      },
      "name": "Lake Williamton, Iowa",
      "timestamp": 0,
      "ip_address": "148.47.61.207"
    },
    {
      "address": "418 Wright Port East Jennifer, MN",
      "coordinate": {
        "latitude": 17.452545,
        "longitude": -178.415337
      },
      "name": "Mayershire, Alabama",
      "timestamp": 0,
      "ip_address": "140.182.85.167"
    },
    {
      "address": "826 Sanchez Loop Suite 676 South Bobbystad, WV",
      "coordinate": {
        "latitude": -28.151387,
        "longitude": -57.166207
      },
      "name": "West Derek, Colorado",
      "timestamp": 0,
      "ip_address": "48.173.213.145"
    }
  ]
}