{
  "groups_joined": [
    {
      "timestamp": 1578092400,
      "name": "Work Early Page Total"
    },
    {
      "timestamp": 1577574000,
      "name": "Manager Product Fund You"
    },
    {
      "timestamp": 1577574000,
      "name": "City News Fall Huge Heart"
    },
    {
      "timestamp": 1577919600,
      "name": "Media When Before Receive"
    },
    {
      "timestamp": 1576969200,
      "name": "Deep Few Probably May"
    },
    {
      "timestamp": 1576623600,
      "name": "Three Care Record Author"
    },
    {
      "timestamp": 1576537200,
      "name": "Meet Green Agency Owner"
    },
    {
      "timestamp": 1578092400,
      "name": "Least Reduce Growth Lay"
    },
    {
      "timestamp": 1578092400,
      "name": "About Community Memory My"
    },
    {
      "timestamp": 1576969200,
      "name": "Beyond Red Long Season"
    },
    {
      "timestamp": 1577660400,
      "name": "More Again Suddenly By"
    },
    {
      "timestamp": 1576623600,
      "name": "Yes Ground Body Result"
    },
    {
      "timestamp": 1577660400,
      "name": "Month Magazine Ok Who"
    },
    {
      "timestamp": 1576796400,
      "name": "System Song A Beyond"
    },
    {
      "timestamp": 1578265200,
      "name": "Senior Fact It"
    },
    {
      "timestamp": 1577833200,
      "name": "Seven Matter Nice However"
    },
    {
      "timestamp": 1577055600,
      "name": "Everyone Cup Control Beat"
    },
    {
      "timestamp": 1577228400,
      "name": "Spend Range Above Half"
    },
    {
      "timestamp": 1577401200,
      "name": "Hard There Plan Visit"
    },
    {
      "timestamp": 1576278000,
      "name": "Choose Here Language"
    },
    {
      "timestamp": 1577574000,
      "name": "Rate Audience Worker Tell"
    },
    {
      "timestamp": 1577055600,
      "name": "Page Theory Fish Audience"
    },
    {
      "timestamp": 1577746800,
      "name": "Suddenly Alone Probably"
    },
    {
      "timestamp": 1577833200,
      "name": "At North When Hard"
    },
    {
      "timestamp": 1576191600,
      "name": "Artist Loss Tell Son"
    },
    {
      "timestamp": 1576710000,
      "name": "Just Agency Chance"
    },
    {
      "timestamp": 1578092400,
      "name": "Mouth Forget Owner"
    },
    {
      "timestamp": 1576537200,
      "name": "Happen Still Fund Treat"
    },
    {
      "timestamp": 1576969200,
      "name": "Peace Available Interview"
    },
    {
      "timestamp": 1578092400,
      "name": "Space War Long Civil"
    },
    {
      "timestamp": 1577574000,
      "name": "Traditional Free My"
    },
    {
      "timestamp": 1577833200,
      "name": "Task Per The"
    },
    {
      "timestamp": 1576537200,
      "name": "Until Glass Add"
    },
    {
      "timestamp": 1578524400,
      "name": "Process Choice Anything"
    },
    {
      "timestamp": 1578092400,
      "name": "Mrs Use According List"
    },
    {
      "timestamp": 1576796400,
      "name": "Line Recognize Mention"
    },
    {
      "timestamp": 1576105200,
      "name": "Foot These Speak Mrs"
    },
    {
      "timestamp": 1577487600,
      "name": "Production That Including"
    },
    {
      "timestamp": 1577487600,
      "name": "Experience Feeling Unit"
    },
    {
      "timestamp": 1577401200,
      "name": "Try A Professional Woman"
    }
  ]
}