Notes:,,,,,,
"When exporting your connection data, you may notice that some of the email addresses are missing. You will only see email addresses for connections who have allowed their connections to see or download their email address using this setting https://www.linkedin.com/psettings/privacy/email. You can learn more here https://www.linkedin.com/help/linkedin/answer/261",,,,,,
,,,,,,
First Name,Last Name,URL,Email Address,Company,Position,Connected On
Max,Mustermann,https://www.linkedin.com/in/example0,,Europe GmbH,Working Student,20 Jun 2023
John,Doe,https://www.linkedin.com/in/example1,,,,08 Jun 2023
Maximilian,Mustermann,https://www.linkedin.com/in/example2,max.mustermann@example.com,Germany AG,CEO,05 May 2023
,,,,,,20 Apr 2021
