Event Name,Event Time,Status,External Url
MARKTDOMINANZ,"Sep 01, 2021 06:30 AM - Sep 01, 2021 07:00 AM",RELINQUISHED,
Marktdominanz dank Zeitarbeit - ein Mythos?,"Nov 24, 2021 07:30 AM - Nov 24, 2021 08:07 AM",RELINQUISHED,
Unternehmenszweck = Lebenszweck: Und bei Ihnen so?,"Jul 29, 2021 09:30 AM - Jul 29, 2021 10:00 AM",RELINQUISHED,
Marktdominanz in Bescheidenheit,"Nov 10, 2021 07:30 AM - Nov 10, 2021 08:07 AM",RELINQUISHED,
Schlaf endlich besser - oder vergiss Marktdominanz!,"Sep 29, 2021 06:30 AM - Sep 29, 2021 07:07 AM",RELINQUISHED,
Warum Marktdominanz mit Liebe zum Kunden beginnt,"Oct 13, 2021 06:30 AM - Oct 13, 2021 07:07 AM",RELINQUISHED,
WORTWELTWÄSCHE (WOW) WOFÜR: Wem dienen Deine Worte?,"Feb 15, 2023 07:20 AM - Feb 15, 2023 08:03 AM",RELINQUISHED,https://www.linkedin.com/video/event/urn:li:ugcPost:7031315341464989697/
So geht Marktdominanz - Fuck reCaptcha!,"Sep 15, 2021 06:30 AM - Sep 15, 2021 07:00 AM",RELINQUISHED,
Cyber Security Awareness E-Learning – Möglichkeiten einer Zusammenarbeit,"Jul 19, 2022 02:00 PM - Jul 19, 2022 02:30 PM",RELINQUISHED,
Snowden & Schrems on Data Protection,"Oct 26, 2021 08:00 AM - Oct 26, 2021 09:30 AM",APPROVED,
BUSINESS-STORY ERZÄHLEN - wie Hollywood?,"Oct 15, 2021 06:30 AM - Oct 15, 2021 07:07 AM",RELINQUISHED,
Marktdominanz verkaufen und frei werden - so geht's,"Oct 27, 2021 06:30 AM - Oct 27, 2021 07:07 AM",RELINQUISHED,
🌍💻 Open Source Office Hours #2 - Live Stream,"Oct 14, 2021 03:00 PM - Oct 14, 2021 04:00 PM",RELINQUISHED,
