HashTag,CreatedTime,LastModifiedTime,State
freepublictransport,2021-05-15 15:28:25,2021-05-15 15:28:25,Follow
cybersecurity,2020-07-11 14:23:29,2020-07-11 14:23:29,Follow
careers,2018-12-29 14:31:35,2021-05-15 15:26:18,Unfollow
softwaredesign,2018-12-29 14:29:44,2018-12-29 14:29:44,Follow
elektrofahrzeuge,2018-12-29 14:17:02,2018-12-29 14:17:02,Follow
education,2018-12-29 14:12:30,2018-12-29 14:13:48,Unfollow
alternativeenergien,2018-12-29 14:12:20,2018-12-29 14:12:20,Follow
AeMffentlichevortrAeuge,2018-12-29 14:12:11,2021-05-15 15:26:08,Unfollow
iphoneapps,2018-12-29 14:12:07,2021-05-15 15:26:06,Unfollow
mathematik,2018-12-29 14:12:02,2018-12-29 14:12:02,Follow
euro,2018-12-29 14:12:00,2018-12-29 14:12:00,Follow
ipad,2018-12-29 14:11:57,2021-05-15 15:26:04,Unfollow
ipv6,2018-12-29 14:11:54,2021-05-15 15:25:57,Unfollow
europe,2018-12-29 14:11:35,2018-12-29 14:11:36,Unfollow
webdesign,2018-12-29 14:11:27,2021-05-15 15:25:57,Unfollow
business,2018-12-29 14:11:22,2018-12-29 14:11:22,Follow
webdevelopment,2018-12-29 14:11:18,2018-12-29 14:11:18,Follow
php,2018-12-29 14:11:16,2021-05-15 15:25:13,Unfollow
greentech,2018-12-29 14:11:15,2018-12-29 14:11:15,Follow
whatinspiresme,2018-12-29 14:11:12,2021-05-15 15:25:42,Unfollow
html,2018-12-29 14:11:09,2021-05-15 15:25:16,Unfollow
javascript,2018-12-29 14:11:08,2021-05-15 15:25:17,Unfollow
wearablecomputing,2018-12-29 14:11:07,2018-12-29 14:11:07,Follow
informationscience,2018-12-29 14:11:06,2018-12-29 14:11:06,Follow
kAeSnstlicheintelligenz,2018-12-29 14:11:04,2018-12-29 14:30:15,Unfollow
geschAeuftsfAeShrung,2018-12-29 14:10:53,2018-12-29 14:10:53,Follow
zukunft,2018-12-29 14:10:52,2018-12-29 14:10:52,Follow
management,2018-12-29 14:10:20,2018-12-29 14:10:20,Follow
computing,2016-09-29 16:35:58,2016-09-29 16:35:58,Follow
softwareengineering,2016-09-29 16:35:58,2016-09-29 16:35:58,Follow
mobiletechnology,2016-09-29 16:35:58,2016-09-29 16:35:58,Follow
informationsecurity,2016-09-29 16:35:58,2016-09-29 16:35:58,Follow
mobilemarketing,2016-09-29 16:35:58,2018-12-29 14:15:12,Unfollow
cloudcomputing,2016-09-29 16:35:58,2018-12-29 14:29:54,Unfollow
computersandtheinternet,2016-09-29 16:35:58,2016-09-29 16:35:58,Follow
futurism,2016-09-29 16:35:58,2018-12-29 14:31:21,Unfollow
innovation,2016-09-29 16:35:58,2016-09-29 16:35:58,Follow
programming,2016-09-29 16:35:58,2021-05-15 15:25:31,Unfollow
agilesoftwaredevelopment,2016-09-29 16:35:58,2016-09-29 16:35:58,Follow
mobileadvertising,2016-09-29 16:35:58,2018-12-29 14:15:08,Unfollow
technology,2016-09-29 16:35:58,2016-09-29 16:35:58,Follow
mobilephones,2016-09-29 16:35:58,2016-09-29 16:35:58,Follow
mobileapplications,2016-09-29 16:35:58,2016-09-29 16:35:58,Follow
