Login Date,IP Address,User Agent,Login Type
Thu Jun 24 16:01:24 UTC 2021,2003:f0:1703:3600:d:8c06:ea:c8cb,"Mozilla/5.0 (Macintosh; Intel Mac OS X 10_15_7) AppleWebKit/605.1.15 (KHTML, like Gecko) Version/14.1.1 Safari/605.1.15",Login
Tue Jul 06 12:37:28 UTC 2021,2003:f0:1703:b600:d9ff:4f3d:5ef:2a,"Mozilla/5.0 (iPhone; CPU iPhone OS 14_6 like Mac OS X) AppleWebKit/605.1.15 (KHTML, like Gecko) Version/14.1.1 Mobile/15E148 Safari/604.1",Login
Wed Jul 07 12:35:41 UTC 2021,177.42.142.208,"Mozilla/5.0 (iPhone; CPU iPhone OS 14_6 like Mac OS X) AppleWebKit/605.1.15 (KHTML, like Gecko) Version/14.1.1 Mobile/15E148 Safari/604.1",Login
Thu Jun 15 14:31:32 UTC 2023,123.456.789.123,"Mozilla/5.0 (iPhone; CPU iPhone OS 14_7_1 like Mac OS X) AppleWebKit/605.1.15 (KHTML, like Gecko) Version/14.1.2 Mobile/15E148 Safari/604.1",Login
