CONVERSATION ID,CONVERSATION TITLE,FROM,SENDER PROFILE URL,TO,RECIPIENT PROFILE URLS,DATE,SUBJECT,CONTENT,FOLDER
2-ZDk1OTJmZjAtNDlmMy00NjhkLTg5ZDEtOGJjZjJkYjRlNmFiCg==,,Max Mustermann,https://www.linkedin.com/in/example0,John Doe,https://www.linkedin.com/in/example1,2023-06-16 11:14:54 UTC,,"Ah, Interesting!",INBOX
2-ZDk1OTJmZjAtNDlmMy00NjhkLTg5ZDEtOGJjZjJkYjRlNmFiCg==,,John Doe,https://www.linkedin.com/in/example1,Max Mustermann,https://www.linkedin.com/in/example0,2023-06-16 09:37:32 UTC,,"Did you know, that conversation ids in LinkedIn data exports are just UUIDs in base64 encoding, where “2-” (without quotation marks) is prepended?",INBOX
2-NmEzZmY4ZTYtN2RjZi00MzQ5LTlmNGYtMTU4MGU4NzljZDI3Cg==,Specific Opportunity,Max Mustermann,https://www.linkedin.com/in/example0,Maximilian Mustermann,https://www.linkedin.com/in/example2,2023-04-18 08:34:39 UTC,Specific Opportunity,"Yes, I am. What are the details?",INBOX
2-NmEzZmY4ZTYtN2RjZi00MzQ5LTlmNGYtMTU4MGU4NzljZDI3Cg==,Specific Opportunity,Maximilian Mustermann,https://www.linkedin.com/in/example2,Max Mustermann,https://www.linkedin.com/in/example0,2023-04-18 07:49:30 UTC,Specific Opportunity,Hello I have a job for you. Are you interested?,INBOX
