Date,Type,Link
2023-06-08 17:03:47,INTEREST,https://www.linkedin.com/feed/update/urn%3Ali%3AugcPost%3A1234567890123456783
2023-05-11 11:30:50,LIKE,https://www.linkedin.com/feed/update/urn%3Ali%3Aactivity%3A1234567890123456789
2023-02-08 19:17:31,PRAISE,https://www.linkedin.com/feed/update/urn%3Ali%3Aactivity%3A1234567890123456790
2022-10-29 09:42:25,APPRECIATION,https://www.linkedin.com/feed/update/urn%3Ali%3Aactivity%3A1234567890123456791
2022-09-02 19:20:28,MAYBE,https://www.linkedin.com/feed/update/urn%3Ali%3Aactivity%3A1234567890123456792
