{
  "login_protection_data": [
    {
      "name": "New Andrew, Nebraska",
      "session": {
        "created_timestamp": 0,
        "updated_timestamp": 1577746800,
        "ip_address": "73.214.242.116"
      }
    },
    {
      "name": "South Craigberg, Washington",
      "session": {
        "created_timestamp": 0,
        "ip_address": "144.22.164.196"
      }
    },
    {
      "name": "Danielport, Massachusetts",
      "session": {
        "created_timestamp": 0,
        "updated_timestamp": 1578351600,
        "ip_address": "174.145.26.6"
      }
    },
    {
      "name": "Norriston, Louisiana",
      "session": {
        "created_timestamp": 0,
        "ip_address": "37.145.47.193"
      }
    },
    {
      "name": "Michellehaven, Wisconsin",
      "session": {
        "created_timestamp": 0,
        "updated_timestamp": 1578178800
      }
    },
    {
      "name": "Lake Tricia, Delaware",
      "session": {
        "created_timestamp": 0,
        "ip_address": "167.42.166.139"
      }
    },
    {
      "name": "Juarezfort, Alabama",
      "session": {
        "created_timestamp": 0,
        "updated_timestamp": 1576969200
      }
    },
    {
      "name": "Port Steven, Kentucky",
      "session": {
        "created_timestamp": 0,
        "ip_address": "222.207.14.19"
      }
    },
    {
      "name": "Troystad, Iowa",
      "session": {
        "created_timestamp": 0,
        "updated_timestamp": 1576796400
      }
    },
    {
      "name": "South Jacob, Kansas",
      "session": {
        "created_timestamp": 0,
        "updated_timestamp": 1576105200
      }
    },
    {
      "name": "Carolinemouth, Rhode Island",
      "session": {
        "created_timestamp": 0,
        "ip_address": "70.48.132.99"
      }
    },
    {
      "name": "Baileytown, Montana",
      "session": {
        "created_timestamp": 0,
        "ip_address": "207.95.78.218"
      }
    },
    {
      "name": "East Kevinton, Colorado",
      "session": {
        "created_timestamp": 0,
        "ip_address": "221.176.24.27"
      }
    },
    {
      "name": "East Eric, Illinois",
      "session": {
        "created_timestamp": 0,
        "ip_address": "34.237.131.158"
      }
    },
    {
      "name": "East Jamesview, New Mexico",
      "session": {
        "created_timestamp": 0,
        "ip_address": "147.208.152.74"
      }
    },
    {
      "name": "Bradleyborough, New Hampshire",
      "session": {
        "created_timestamp": 0,
        "ip_address": "29.222.192.207"
      }
    },
    {
      "name": "Jessemouth, Idaho",
      "session": {
        "created_timestamp": 0,
        "ip_address": "125.0.157.36"
      }
    },
    {
      "name": "New Heatherchester, Nevada",
      "session": {
        "created_timestamp": 0,
        "updated_timestamp": 1576882800
      }
    },
    {
      "name": "Mortonport, Vermont",
      "session": {
        "created_timestamp": 0,
        "ip_address": "215.214.129.22"
      }
    },
    {
      "name": "South Stephanietown, Alabama",
      "session": {
        "created_timestamp": 0,
        "updated_timestamp": 1578006000
      }
    },
    {
      "name": "Pamelaborough, Pennsylvania",
      "session": {
        "created_timestamp": 0,
        "ip_address": "222.111.126.148"
      }
    },
    {
      "name": "Port Jaclyn, Arkansas",
      "session": {
        "created_timestamp": 0,
        "updated_timestamp": 1578178800
      }
    },
    {
      "name": "Brownstad, Indiana",
      "session": {
        "created_timestamp": 0,
        "updated_timestamp": 1578006000
      }
    },
    {
      "name": "Lucerostad, New Jersey",
      "session": {
        "created_timestamp": 0,
        "ip_address": "101.130.206.32"
      }
    },
    {
      "name": "East Anthony, Mississippi",
      "session": {
        "created_timestamp": 0,
        "ip_address": "21.141.32.219"
      }
    },
    {
      "name": "Robersontown, Louisiana",
      "session": {
        "created_timestamp": 0,
        "ip_address": "141.192.255.25"
      }
    },
    {
      "name": "New Leon, Oklahoma",
      "session": {
        "created_timestamp": 0,
        "ip_address": "152.27.22.205"
      }
    },
    {
      "name": "Tonyaland, Georgia",
      "session": {
        "created_timestamp": 0,
        "updated_timestamp": 1577660400,
        "ip_address": "70.244.45.31"
      }
    },
    {
      "name": "Foleyborough, Wisconsin",
      "session": {
        "created_timestamp": 0,
        "ip_address": "13.237.91.208"
      }
    },
    {
      "name": "Port Natalie, Idaho",
      "session": {
        "created_timestamp": 0,
        "updated_timestamp": 1578265200
      }
    },
    {
      "name": "Lake Brandonburgh, Illinois",
      "session": {
        "created_timestamp": 0,
        "ip_address": "222.5.118.90"
      }
    },
    {
      "name": "East David, North Dakota",
      "session": {
        "created_timestamp": 0,
        "ip_address": "137.83.251.38"
      }
    },
    {
      "name": "Port Tiffany, North Carolina",
      "session": {
        "created_timestamp": 0,
        "ip_address": "218.148.11.96"
      }
    },
    {
      "name": "Bennettshire, Indiana",
      "session": {
        "created_timestamp": 0,
        "ip_address": "36.136.171.131"
      }
    },
    {
      "name": "Michaeltown, South Carolina",
      "session": {
        "created_timestamp": 0,
        "ip_address": "222.75.117.222"
      }
    },
    {
      "name": "Kellyberg, West Virginia",
      "session": {
        "created_timestamp": 0,
        "ip_address": "202.55.139.152"
      }
    },
    {
      "name": "New Aaronberg, Hawaii",
      "session": {
        "created_timestamp": 0,
        "ip_address": "136.145.25.81"
      }
    },
    {
      "name": "Robertschester, New York",
      "session": {
        "created_timestamp": 0,
        "ip_address": "183.126.4.120"
      }
    },
    {
      "name": "Blackwelltown, Idaho",
      "session": {
        "created_timestamp": 0,
        "ip_address": "158.118.230.26"
      }
    },
    {
      "name": "South Stephenfurt, Arkansas",
      "session": {
        "created_timestamp": 0,
        "ip_address": "218.158.68.122"
      }
    },
    {
      "name": "Andersonberg, Indiana",
      "session": {
        "created_timestamp": 0,
        "updated_timestamp": 1578351600,
        "ip_address": "26.247.71.2"
      }
    },
    {
      "name": "East Destiny, Virginia",
      "session": {
        "created_timestamp": 0,
        "ip_address": "183.183.143.235"
      }
    },
    {
      "name": "East Laurenburgh, Delaware",
      "session": {
        "created_timestamp": 0,
        "ip_address": "219.107.31.31"
      }
    },
    {
      "name": "Millerfort, Maine",
      "session": {
        "created_timestamp": 0,
        "ip_address": "198.97.186.45"
      }
    },
    {
      "name": "South Phillipport, Connecticut",
      "session": {
        "created_timestamp": 0,
        "ip_address": "217.106.22.45"
      }
    },
    {
      "name": "New Jeff, Kentucky",
      "session": {
        "created_timestamp": 0,
        "ip_address": "144.94.9.205"
      }
    },
    {
      "name": "North Alishashire, Pennsylvania",
      "session": {
        "created_timestamp": 0,
        "ip_address": "101.240.166.143"
      }
    },
    {
      "name": "South Scott, Missouri",
      "session": {
        "created_timestamp": 0,
        "updated_timestamp": 1577660400,
        "ip_address": "220.151.163.143"
      }
    },
    {
      "name": "Greeneberg, Colorado",
      "session": {
        "created_timestamp": 0,
        "ip_address": "164.255.18.218"
      }
    },
    {
      "name": "Marshallton, California",
      "session": {
        "created_timestamp": 0,
        "updated_timestamp": 1577055600,
        "ip_address": "212.200.59.128"
      }
    },
    {
      "name": "New Stacey, Connecticut",
      "session": {
        "created_timestamp": 0,
        "ip_address": "1.114.138.69"
      }
    },
    {
      "name": "Monicahaven, Tennessee",
      "session": {
        "created_timestamp": 0,
        "ip_address": "39.139.136.163"
      }
    },
    {
      "name": "Dunlapfurt, New York",
      "session": {
        "created_timestamp": 0,
        "ip_address": "192.213.22.4"
      }
    },
    {
      "name": "Port Mary, Arkansas",
      "session": {
        "created_timestamp": 0,
        "ip_address": "211.35.169.18"
      }
    },
    {
      "name": "East Jennifer, New Jersey",
      "session": {
        "created_timestamp": 0,
        "updated_timestamp": 1577142000,
        "ip_address": "222.34.130.23"
      }
    },
    {
      "name": "Lake Michaelborough, Alaska",
      "session": {
        "created_timestamp": 0,
        "ip_address": "80.0.103.199"
      }
    },
    {
      "name": "Port Amymouth, Maryland",
      "session": {
        "created_timestamp": 0,
        "updated_timestamp": 1577574000,
        "ip_address": "163.186.185.99"
      }
    },
    {
      "name": "North Michael, Alabama",
      "session": {
        "created_timestamp": 0,
        "updated_timestamp": 1576364400
      }
    },
    {
      "name": "Gilbertchester, South Dakota",
      "session": {
        "created_timestamp": 0,
        "ip_address": "86.175.171.155"
      }
    },
    {
      "name": "Bryanside, Florida",
      "session": {
        "created_timestamp": 0,
        "ip_address": "209.198.141.210"
      }
    },
    {
      "name": "Chandlerfurt, Idaho",
      "session": {
        "created_timestamp": 0,
        "updated_timestamp": 1577401200,
        "ip_address": "156.119.62.229"
      }
    },
    {
      "name": "Lake Thomasburgh, Michigan",
      "session": {
        "created_timestamp": 0,
        "ip_address": "104.176.5.77"
      }
    },
    {
      "name": "Marcshire, Florida",
      "session": {
        "created_timestamp": 0,
        "updated_timestamp": 1577919600,
        "ip_address": "79.167.59.165"
      }
    },
    {
      "name": "Millerchester, Wyoming",
      "session": {
        "created_timestamp": 0,
        "ip_address": "146.40.33.122"
      }
    },
    {
      "name": "Port Xavier, Illinois",
      "session": {
        "created_timestamp": 0,
        "ip_address": "220.13.189.190"
      }
    },
    {
      "name": "East Blake, Pennsylvania",
      "session": {
        "created_timestamp": 0,
        "updated_timestamp": 1578438000
      }
    },
    {
      "name": "Millerville, Nebraska",
      "session": {
        "created_timestamp": 0,
        "ip_address": "165.236.109.163"
      }
    },
    {
      "name": "Nicholasburgh, New York",
      "session": {
        "created_timestamp": 0,
        "ip_address": "185.89.222.235"
      }
    },
    {
      "name": "North Lauren, New Mexico",
      "session": {
        "created_timestamp": 0,
        "updated_timestamp": 1576623600
      }
    },
    {
      "name": "North Courtneyland, South Dakota",
      "session": {
        "created_timestamp": 0,
        "updated_timestamp": 1578092400,
        "ip_address": "212.36.17.240"
      }
    },
    {
      "name": "North Joshua, Georgia",
      "session": {
        "created_timestamp": 0,
        "ip_address": "208.104.230.219"
      }
    },
    {
      "name": "Lake Mallorystad, Alabama",
      "session": {
        "created_timestamp": 0,
        "updated_timestamp": 1577228400
      }
    },
    {
      "name": "Thompsontown, Wisconsin",
      "session": {
        "created_timestamp": 0,
        "ip_address": "101.254.120.121"
      }
    },
    {
      "name": "New Jonathanburgh, Maryland",
      "session": {
        "created_timestamp": 0,
        "updated_timestamp": 1576796400,
        "ip_address": "210.104.48.37"
      }
    },
    {
      "name": "Onealborough, Oklahoma",
      "session": {
        "created_timestamp": 0,
        "updated_timestamp": 1578006000
      }
    },
    {
      "name": "Robertsburgh, Wyoming",
      "session": {
        "created_timestamp": 0,
        "ip_address": "14.243.193.92"
      }
    },
    {
      "name": "Lake William, Tennessee",
      "session": {
        "created_timestamp": 0,
        "ip_address": "206.13.219.61"
      }
    },
    {
      "name": "Clarenceview, South Carolina",
      "session": {
        "created_timestamp": 0,
        "ip_address": "149.85.235.108"
      }
    },
    {
      "name": "Lake Kellieview, Nebraska",
      "session": {
        "created_timestamp": 0,
        "updated_timestamp": 1576191600,
        "ip_address": "217.111.145.222"
      }
    },
    {
      "name": "Bestport, Washington",
      "session": {
        "created_timestamp": 0,
        "ip_address": "160.104.51.128"
      }
    },
    {
      "name": "West Williamborough, Nebraska",
      "session": {
        "created_timestamp": 0,
        "ip_address": "63.58.133.183"
      }
    },
    {
      "name": "Rodriguezfort, Nebraska",
      "session": {
        "created_timestamp": 0,
        "ip_address": "142.234.31.5"
      }
    },
    {
      "name": "Port Michaelport, Massachusetts",
      "session": {
        "created_timestamp": 0,
        "ip_address": "76.18.107.94"
      }
    },
    {
      "name": "West Mary, Delaware",
      "session": {
        "created_timestamp": 0,
        "ip_address": "125.115.60.44"
      }
    },
    {
      "name": "Lake Bradleyton, Pennsylvania",
      "session": {
        "created_timestamp": 0,
        "ip_address": "220.163.26.29"
      }
    },
    {
      "name": "Amberberg, Oregon",
      "session": {
        "created_timestamp": 0,
        "updated_timestamp": 1577142000,
        "ip_address": "96.107.161.59"
      }
    },
    {
      "name": "Johnsonmouth, Connecticut",
      "session": {
        "created_timestamp": 0,
        "ip_address": "170.169.80.7"
      }
    },
    {
      "name": "Johnsontown, Wyoming",
      "session": {
        "created_timestamp": 0,
        "ip_address": "172.143.178.232"
      }
    },
    {
      "name": "Johnmouth, Vermont",
      "session": {
        "created_timestamp": 0,
        "ip_address": "82.94.199.60"
      }
    },
    {
      "name": "Russellbury, Massachusetts",
      "session": {
        "created_timestamp": 0,
        "ip_address": "223.178.51.207"
      }
    },
    {
      "name": "Riveraville, Illinois",
      "session": {
        "created_timestamp": 0,
        "ip_address": "116.178.16.185"
      }
    },
    {
      "name": "West Markhaven, Michigan",
      "session": {
        "created_timestamp": 0,
        "ip_address": "140.248.27.169"
      }
    },
    {
      "name": "Fredview, South Dakota",
      "session": {
        "created_timestamp": 0,
        "ip_address": "166.174.7.204"
      }
    },
    {
      "name": "West Scottbury, New Mexico",
      "session": {
        "created_timestamp": 0,
        "updated_timestamp": 1578438000
      }
    },
    {
      "name": "Tuckerside, West Virginia",
      "session": {
        "created_timestamp": 0,
        "updated_timestamp": 1577574000,
        "ip_address": "105.126.47.9"
      }
    },
    {
      "name": "Port Amandamouth, Florida",
      "session": {
        "created_timestamp": 0,
        "ip_address": "161.22.250.44"
      }
    },
    {
      "name": "New Ivan, Pennsylvania",
      "session": {
        "created_timestamp": 0,
        "ip_address": "178.63.115.164"
      }
    },
    {
      "name": "New Benjamin, Maine",
      "session": {
        "created_timestamp": 0,
        "ip_address": "165.196.206.170"
      }
    },
    {
      "name": "Franciscomouth, West Virginia",
      "session": {
        "created_timestamp": 0,
        "ip_address": "162.59.174.123"
      }
    },
    {
      "name": "Alicefurt, Minnesota",
      "session": {
        "created_timestamp": 0,
        "updated_timestamp": 1576364400
      }
    },
    {
      "name": "Wagnerfurt, Arizona",
      "session": {
        "created_timestamp": 0,
        "ip_address": "172.114.167.180"
      }
    },
    {
      "name": "Johntown, Wisconsin",
      "session": {
        "created_timestamp": 0,
        "ip_address": "11.138.132.159"
      }
    },
    {
      "name": "Goodbury, South Carolina",
      "session": {
        "created_timestamp": 0,
        "ip_address": "187.157.230.75"
      }
    },
    {
      "name": "Carterbury, Hawaii",
      "session": {
        "created_timestamp": 0,
        "updated_timestamp": 1576105200,
        "ip_address": "103.251.41.227"
      }
    },
    {
      "name": "Port John, Kentucky",
      "session": {
        "created_timestamp": 0,
        "ip_address": "208.51.216.60"
      }
    },
    {
      "name": "Russellhaven, Alabama",
      "session": {
        "created_timestamp": 0,
        "ip_address": "48.87.174.66"
      }
    },
    {
      "name": "Martineztown, New Jersey",
      "session": {
        "created_timestamp": 0,
        "ip_address": "211.224.253.91"
      }
    },
    {
      "name": "North Bradley, Pennsylvania",
      "session": {
        "created_timestamp": 0,
        "ip_address": "155.240.101.225"
      }
    },
    {
      "name": "Elizabethberg, North Dakota",
      "session": {
        "created_timestamp": 0,
        "ip_address": "71.239.101.113"
      }
    },
    {
      "name": "North Sheri, Pennsylvania",
      "session": {
        "created_timestamp": 0,
        "ip_address": "61.144.67.150"
      }
    },
    {
      "name": "Claireland, Michigan",
      "session": {
        "created_timestamp": 0,
        "ip_address": "109.128.83.230"
      }
    },
    {
      "name": "Mendozaport, West Virginia",
      "session": {
        "created_timestamp": 0,
        "ip_address": "201.2.217.213"
      }
    },
    {
      "name": "Johnmouth, Georgia",
      "session": {
        "created_timestamp": 0,
        "ip_address": "90.79.217.238"
      }
    },
    {
      "name": "Port Clifford, Mississippi",
      "session": {
        "created_timestamp": 0,
        "ip_address": "108.91.216.52"
      }
    },
    {
      "name": "North Christopherburgh, New Mexico",
      "session": {
        "created_timestamp": 0,
        "ip_address": "205.201.113.170"
      }
    },
    {
      "name": "West Nathanville, Alaska",
      "session": {
        "created_timestamp": 0,
        "ip_address": "202.174.142.56"
      }
    },
    {
      "name": "Mitchellport, Nebraska",
      "session": {
        "created_timestamp": 0,
        "updated_timestamp": 1576882800
      }
    },
    {
      "name": "New Michaelstad, Missouri",
      "session": {
        "created_timestamp": 0,
        "ip_address": "158.212.206.237"
      }
    },
    {
      "name": "West Mikayla, Kentucky",
      "session": {
        "created_timestamp": 0,
        "ip_address": "143.70.112.214"
      }
    },
    {
      "name": "West Susan, North Carolina",
      "session": {
        "created_timestamp": 0,
        "ip_address": "7.221.158.87"
      }
    },
    {
      "name": "South Ruben, Tennessee",
      "session": {
        "created_timestamp": 0,
        "ip_address": "193.174.36.81"
      }
    },
    {
      "name": "Ralphport, Maryland",
      "session": {
        "created_timestamp": 0,
        "updated_timestamp": 1578438000
      }
    },
    {
      "name": "West Lauratown, Virginia",
      "session": {
        "created_timestamp": 0,
        "ip_address": "77.253.134.246"
      }
    },
    {
      "name": "Robertshire, Nebraska",
      "session": {
        "created_timestamp": 0,
        "ip_address": "165.61.207.147"
      }
    },
    {
      "name": "Curtisville, Kentucky",
      "session": {
        "created_timestamp": 0,
        "ip_address": "156.144.208.15"
      }
    },
    {
      "name": "Clarencefurt, Georgia",
      "session": {
        "created_timestamp": 0,
        "updated_timestamp": 1576623600,
        "ip_address": "212.221.6.190"
      }
    },
    {
      "name": "North Matthewmouth, West Virginia",
      "session": {
        "created_timestamp": 0,
        "ip_address": "175.118.172.196"
      }
    },
    {
      "name": "West David, Massachusetts",
      "session": {
        "created_timestamp": 0,
        "ip_address": "192.17.154.188"
      }
    },
    {
      "name": "Darrenview, Florida",
      "session": {
        "created_timestamp": 0,
        "ip_address": "130.1.4.116"
      }
    },
    {
      "name": "Ryanton, Massachusetts",
      "session": {
        "created_timestamp": 0,
        "ip_address": "215.1.185.143"
      }
    },
    {
      "name": "Rodneyborough, Tennessee",
      "session": {
        "created_timestamp": 0,
        "ip_address": "200.190.44.246"
      }
    },
    {
      "name": "Wyattmouth, Missouri",
      "session": {
        "created_timestamp": 0,
        "ip_address": "105.224.253.39"
      }
    },
    {
      "name": "East Melissaland, Idaho",
      "session": {
        "created_timestamp": 0,
        "ip_address": "210.19.76.90"
      }
    },
    {
      "name": "South Diane, Idaho",
      "session": {
        "created_timestamp": 0,
        "ip_address": "72.63.19.181"
      }
    },
    {
      "name": "Jackshire, Oregon",
      "session": {
        "created_timestamp": 0,
        "ip_address": "150.102.108.154"
      }
    },
    {
      "name": "Beckyfurt, California",
      "session": {
        "created_timestamp": 0,
        "ip_address": "73.17.122.213"
      }
    },
    {
      "name": "New Jessicabury, Delaware",
      "session": {
        "created_timestamp": 0,
        "updated_timestamp": 1576278000,
        "ip_address": "166.99.82.101"
      }
    },
    {
      "name": "North Isabelfurt, Idaho",
      "session": {
        "created_timestamp": 0,
        "updated_timestamp": 1577314800
      }
    },
    {
      "name": "Snyderton, Alabama",
      "session": {
        "created_timestamp": 0,
        "ip_address": "15.113.166.156"
      }
    },
    {
      "name": "Charleston, Mississippi",
      "session": {
        "created_timestamp": 0,
        "ip_address": "147.125.122.172"
      }
    },
    {
      "name": "Port Alexis, New Jersey",
      "session": {
        "created_timestamp": 0,
        "ip_address": "180.182.151.254"
      }
    },
    {
      "name": "Richland, New Hampshire",
      "session": {
        "created_timestamp": 0,
        "ip_address": "175.184.253.103"
      }
    },
    {
      "name": "Courtneymouth, Alabama",
      "session": {
        "created_timestamp": 0,
        "ip_address": "214.159.243.248"
      }
    },
    {
      "name": "New Gabrielahaven, South Dakota",
      "session": {
        "created_timestamp": 0,
        "ip_address": "203.105.229.162"
      }
    },
    {
      "name": "Abbottmouth, New Mexico",
      "session": {
        "created_timestamp": 0,
        "updated_timestamp": 1577487600,
        "ip_address": "213.220.192.42"
      }
    },
    {
      "name": "Port Kerry, Wyoming",
      "session": {
        "created_timestamp": 0,
        "ip_address": "161.188.224.239"
      }
    },
    {
      "name": "Port Johnborough, Florida",
      "session": {
        "created_timestamp": 0,
        "ip_address": "72.219.160.3"
      }
    },
    {
      "name": "Hendricksmouth, Oklahoma",
      "session": {
        "created_timestamp": 0,
        "ip_address": "94.89.51.26"
      }
    },
    {
      "name": "Shaneside, Washington",
      "session": {
        "created_timestamp": 0,
        "ip_address": "131.16.29.239"
      }
    },
    {
      "name": "East Luisberg, North Carolina",
      "session": {
        "created_timestamp": 0,
        "ip_address": "120.25.135.179"
      }
    },
    {
      "name": "North Dawn, Rhode Island",
      "session": {
        "created_timestamp": 0,
        "ip_address": "101.215.84.210"
      }
    },
    {
      "name": "Lake Michaelhaven, Tennessee",
      "session": {
        "created_timestamp": 0,
        "ip_address": "97.223.182.247"
      }
    },
    {
      "name": "Jimenezport, Nebraska",
      "session": {
        "created_timestamp": 0,
        "ip_address": "114.169.125.244"
      }
    },
    {
      "name": "Bradymouth, Delaware",
      "session": {
        "created_timestamp": 0,
        "updated_timestamp": 1577660400,
        "ip_address": "191.140.238.111"
      }
    },
    {
      "name": "Port Hannah, Hawaii",
      "session": {
        "created_timestamp": 0,
        "ip_address": "187.228.253.234"
      }
    },
    {
      "name": "East Sara, Georgia",
      "session": {
        "created_timestamp": 0,
        "ip_address": "215.20.80.203"
      }
    },
    {
      "name": "East Amber, New York",
      "session": {
        "created_timestamp": 0,
        "updated_timestamp": 1577314800,
        "ip_address": "158.121.112.95"
      }
    },
    {
      "name": "New Carolynburgh, Virginia",
      "session": {
        "created_timestamp": 0,
        "ip_address": "208.232.225.62"
      }
    },
    {
      "name": "Aguirrebury, Colorado",
      "session": {
        "created_timestamp": 0,
        "ip_address": "213.14.108.184"
      }
    },
    {
      "name": "East Timothy, Maine",
      "session": {
        "created_timestamp": 0,
        "updated_timestamp": 1576450800,
        "ip_address": "185.226.163.176"
      }
    },
    {
      "name": "Carriemouth, Colorado",
      "session": {
        "created_timestamp": 0,
        "updated_timestamp": 1576278000
      }
    },
    {
      "name": "Lake Nina, Rhode Island",
      "session": {
        "created_timestamp": 0,
        "ip_address": "183.130.222.128"
      }
    },
    {
      "name": "South Garychester, Vermont",
      "session": {
        "created_timestamp": 0,
        "updated_timestamp": 1577660400,
        "ip_address": "205.100.127.219"
      }
    },
    {
      "name": "Lake Eric, New York",
      "session": {
        "created_timestamp": 0,
        "ip_address": "213.145.130.108"
      }
    },
    {
      "name": "North Emilybury, New Mexico",
      "session": {
        "created_timestamp": 0,
        "updated_timestamp": 1576623600
      }
    },
    {
      "name": "Lake Anthony, North Carolina",
      "session": {
        "created_timestamp": 0,
        "updated_timestamp": 1577487600
      }
    },
    {
      "name": "Robertsonton, Oklahoma",
      "session": {
        "created_timestamp": 0,
        "ip_address": "5.84.167.77"
      }
    },
    {
      "name": "Yeseniaberg, Mississippi",
      "session": {
        "created_timestamp": 0,
        "ip_address": "182.59.66.148"
      }
    },
    {
      "name": "North Randy, Ohio",
      "session": {
        "created_timestamp": 0,
        "updated_timestamp": 1576450800,
        "ip_address": "167.18.133.35"
      }
    },
    {
      "name": "Jasminton, Vermont",
      "session": {
        "created_timestamp": 0,
        "updated_timestamp": 1577919600
      }
    },
    {
      "name": "Port Crystalberg, Utah",
      "session": {
        "created_timestamp": 0,
        "updated_timestamp": 1577314800,
        "ip_address": "75.245.136.166"
      }
    },
    {
      "name": "Port Stephanie, Alabama",
      "session": {
        "created_timestamp": 0,
        "ip_address": "81.19.143.103"
      }
    },
    {
      "name": "Luceroport, Missouri",
      "session": {
        "created_timestamp": 0,
        "ip_address": "194.83.62.85"
      }
    },
    {
      "name": "New Denisefurt, South Dakota",
      "session": {
        "created_timestamp": 0,
        "ip_address": "192.40.180.24"
      }
    },
    {
      "name": "Meyerhaven, Louisiana",
      "session": {
        "created_timestamp": 0,
        "ip_address": "165.163.0.243"
      }
    },
    {
      "name": "South Markport, Nebraska",
      "session": {
        "created_timestamp": 0,
        "ip_address": "59.123.137.75"
      }
    },
    {
      "name": "South Tyler, South Carolina",
      "session": {
        "created_timestamp": 0,
        "updated_timestamp": 1577746800
      }
    },
    {
      "name": "West Conniebury, Utah",
      "session": {
        "created_timestamp": 0,
        "ip_address": "58.133.54.0"
      }
    },
    {
      "name": "Sotofort, Wisconsin",
      "session": {
        "created_timestamp": 0,
        "ip_address": "99.167.237.83"
      }
    },
    {
      "name": "Port Carrie, Wyoming",
      "session": {
        "created_timestamp": 0,
        "updated_timestamp": 1577055600,
        "ip_address": "151.97.114.100"
      }
    },
    {
      "name": "Jenniferburgh, Montana",
      "session": {
        "created_timestamp": 0,
        "ip_address": "151.5.62.107"
      }
    },
    {
      "name": "Molinahaven, Idaho",
      "session": {
        "created_timestamp": 0,
        "updated_timestamp": 1577746800,
        "ip_address": "197.112.6.43"
      }
    },
    {
      "name": "Gillespiebury, New Mexico",
      "session": {
        "created_timestamp": 0,
        "updated_timestamp": 1578178800
      }
    },
    {
      "name": "Hansenmouth, Montana",
      "session": {
        "created_timestamp": 0,
        "ip_address": "134.139.47.19"
      }
    },
    {
      "name": "Hernandezview, Alabama",
      "session": {
        "created_timestamp": 0,
        "ip_address": "211.94.9.172"
      }
    },
    {
      "name": "Melendezview, Iowa",
      "session": {
        "created_timestamp": 0,
        "ip_address": "199.26.230.124"
      }
    },
    {
      "name": "Jonesview, Alaska",
      "session": {
        "created_timestamp": 0,
        "updated_timestamp": 1577314800
      }
    },
    {
      "name": "New Davidchester, Oklahoma",
      "session": {
        "created_timestamp": 0,
        "ip_address": "65.81.37.176"
      }
    },
    {
      "name": "East Edwintown, New York",
      "session": {
        "created_timestamp": 0,
        "ip_address": "197.101.95.8"
      }
    },
    {
      "name": "New Heidiburgh, North Carolina",
      "session": {
        "created_timestamp": 0,
        "ip_address": "182.224.132.126"
      }
    },
    {
      "name": "East Loriton, Mississippi",
      "session": {
        "created_timestamp": 0,
        "updated_timestamp": 1577401200
      }
    },
    {
      "name": "West Joseport, California",
      "session": {
        "created_timestamp": 0,
        "ip_address": "136.252.183.107"
      }
    },
    {
      "name": "Hunthaven, Wyoming",
      "session": {
        "created_timestamp": 0,
        "ip_address": "211.12.12.20"
      }
    },
    {
      "name": "West Catherine, Delaware",
      "session": {
        "created_timestamp": 0,
        "ip_address": "120.12.147.63"
      }
    },
    {
      "name": "New Gail, Arkansas",
      "session": {
        "created_timestamp": 0,
        "ip_address": "138.55.51.154"
      }
    },
    {
      "name": "New Robertshire, Maine",
      "session": {
        "created_timestamp": 0,
        "updated_timestamp": 1577401200
      }
    },
    {
      "name": "Penamouth, California",
      "session": {
        "created_timestamp": 0,
        "ip_address": "211.85.26.222"
      }
    },
    {
      "name": "South Valerie, Georgia",
      "session": {
        "created_timestamp": 0,
        "updated_timestamp": 1577660400
      }
    },
    {
      "name": "Jeffreyfort, Alabama",
      "session": {
        "created_timestamp": 0,
        "ip_address": "21.53.115.170"
      }
    },
    {
      "name": "Davisfurt, Arkansas",
      "session": {
        "created_timestamp": 0,
        "ip_address": "164.40.173.230"
      }
    },
    {
      "name": "North Amy, Colorado",
      "session": {
        "created_timestamp": 0,
        "ip_address": "206.77.136.210"
      }
    },
    {
      "name": "East Bryan, Oklahoma",
      "session": {
        "created_timestamp": 0,
        "ip_address": "212.174.13.92"
      }
    }
  ]
}