{
  "active_sessions": [
    {
      "name": "Android",
      "created_timestamp": 0,
      "ip_address": "219.185.195.240",
      "user_agent": "Chrome",
      "datr_cookie": "8412041535137",
      "device": "Windows Phone",
      "location": "Kellymouth, Tennessee",
      "app": "Chrome"
    },
    {
      "created_timestamp": 0,
      "updated_timestamp": 1576450800,
      "ip_address": "100.62.141.102",
      "user_agent": "Chrome",
      "datr_cookie": "4937570473414",
      "device": "Mac",
      "location": "Rossmouth, Kansas",
      "app": "Chrome"
    },
    {
      "created_timestamp": 0,
      "updated_timestamp": 1576882800,
      "ip_address": "207.144.71.200",
      "user_agent": "IE",
      "datr_cookie": "4769068582960",
      "device": "iPhone",
      "location": "Jonathanland, New Jersey",
      "app": "Safari"
    }
  ]
}