{
  "address_book": {
    "address_book": [
      {
        "name": "Brian Wells",
        "details": [
          {
            "contact_point": "001-523-731-1455"
          }
        ],
        "created_timestamp": 1578438000,
        "updated_timestamp": 1578351600
      },
      {
        "name": "Jose Saunders",
        "details": [
          {
            "contact_point": "001-219-233-7562x4410"
          }
        ],
        "created_timestamp": 1577746800,
        "updated_timestamp": 1578524400
      },
      {
        "name": "Katherine Harrison",
        "details": [
          {
            "contact_point": "(384)246-2810x987"
          }
        ],
        "created_timestamp": 1578351600,
        "updated_timestamp": 1576191600
      },
      {
        "name": "Cheyenne Johnson",
        "details": [
          {
            "contact_point": "001-218-333-7883"
          }
        ],
        "created_timestamp": 1578438000,
        "updated_timestamp": 1577746800
      },
      {
        "name": "Tara Perkins",
        "details": [
          {
            "contact_point": "365-418-5673x122"
          }
        ],
        "created_timestamp": 1576191600,
        "updated_timestamp": 1577055600
      },
      {
        "name": "Bradley Wood",
        "details": [
          {
            "contact_point": "782-369-3247"
          }
        ],
        "created_timestamp": 1576796400,
        "updated_timestamp": 1576537200
      },
      {
        "name": "Robert Smith",
        "details": [
          {
            "contact_point": "+1-307-300-0527x053"
          }
        ],
        "created_timestamp": 1578092400,
        "updated_timestamp": 1577833200
      },
      {
        "name": "Kerry Hutchinson",
        "details": [
          {
            "contact_point": "(277)479-2619"
          },
          {
            "contact_point": "1533993781"
          }
        ],
        "created_timestamp": 1578006000,
        "updated_timestamp": 1576537200
      },
      {
        "name": "James Reed",
        "details": [
          {
            "contact_point": "(407)586-8020x325"
          }
        ],
        "created_timestamp": 1577401200,
        "updated_timestamp": 1577228400
      },
      {
        "name": "Diana Brooks",
        "details": [
          {
            "contact_point": "001-209-523-1042x62198"
          }
        ],
        "created_timestamp": 1577142000,
        "updated_timestamp": 1576710000
      },
      {
        "name": "Anthony Munoz",
        "details": [
          {
            "contact_point": "001-783-601-0289x060"
          }
        ],
        "created_timestamp": 1577746800,
        "updated_timestamp": 1578351600
      },
      {
        "name": "Julia Ellis",
        "details": [
          {
            "contact_point": "(641)177-4999x2413"
          }
        ],
        "created_timestamp": 1577055600,
        "updated_timestamp": 1576623600
      },
      {
        "name": "John Mcknight",
        "details": [
          {
            "contact_point": "137.681.8485x1937"
          }
        ],
        "created_timestamp": 1577660400,
        "updated_timestamp": 1576537200
      },
      {
        "name": "Tyler Fields",
        "details": [
          {
            "contact_point": "+1-564-005-5196x805"
          }
        ],
        "created_timestamp": 1576969200,
        "updated_timestamp": 1576623600
      },
      {
        "name": "Sharon Martin",
        "details": [
          {
            "contact_point": "001-991-615-5276x8473"
          }
        ],
        "created_timestamp": 1577833200,
        "updated_timestamp": 1576105200
      },
      {
        "name": "Lisa Harris",
        "details": [
          {
            "contact_point": "876-646-2131x9813"
          }
        ],
        "created_timestamp": 1576191600,
        "updated_timestamp": 1578006000
      },
      {
        "name": "Dave Patel",
        "details": [
          {
            "contact_point": "674.059.0588x556"
          }
        ],
        "created_timestamp": 1577055600,
        "updated_timestamp": 1577142000
      },
      {
        "name": "Elizabeth Richardson",
        "details": [
          {
            "contact_point": "(164)443-5004"
          }
        ],
        "created_timestamp": 1576969200,
        "updated_timestamp": 1577314800
      },
      {
        "name": "Debbie Edwards",
        "details": [
          {
            "contact_point": "+1-317-931-6083x31162"
          }
        ],
        "created_timestamp": 1576882800,
        "updated_timestamp": 1576105200
      },
      {
        "name": "Jeffrey Good",
        "details": [
          {
            "contact_point": "+1-866-240-1277x540"
          }
        ],
        "created_timestamp": 1577142000,
        "updated_timestamp": 1576710000
      },
      {
        "name": "Kevin Montoya",
        "details": [
          {
            "contact_point": "705-029-4382"
          }
        ],
        "created_timestamp": 1577660400,
        "updated_timestamp": 1576710000
      },
      {
        "name": "Erica Marshall",
        "details": [
          {
            "contact_point": "821.417.6055x06456"
          }
        ],
        "created_timestamp": 1577746800,
        "updated_timestamp": 1577487600
      },
      {
        "name": "Connie Santos",
        "details": [
          {
            "contact_point": "(932)954-6661"
          }
        ],
        "created_timestamp": 1578006000,
        "updated_timestamp": 1577142000
      },
      {
        "name": "Kyle Peterson",
        "details": [
          {
            "contact_point": "164.289.5830x548"
          }
        ],
        "created_timestamp": 1578178800,
        "updated_timestamp": 1577919600
      },
      {
        "name": "Jordan Mack",
        "details": [
          {
            "contact_point": "423-002-1431x106"
          }
        ],
        "created_timestamp": 1576278000,
        "updated_timestamp": 1578351600
      },
      {
        "name": "Dr. William White",
        "details": [
          {
            "contact_point": "376-190-8505"
          }
        ],
        "created_timestamp": 1576882800,
        "updated_timestamp": 1577314800
      },
      {
        "name": "Daniel Collier",
        "details": [
          {
            "contact_point": "+1-690-059-9136"
          }
        ],
        "created_timestamp": 1578006000,
        "updated_timestamp": 1576278000
      },
      {
        "name": "Jennifer Moore",
        "details": [
          {
            "contact_point": "001-098-194-6384x7896"
          }
        ],
        "created_timestamp": 1576710000,
        "updated_timestamp": 1576969200
      },
      {
        "name": "Elizabeth Holmes",
        "details": [
          {
            "contact_point": "320-718-6804x396"
          }
        ],
        "created_timestamp": 1578006000,
        "updated_timestamp": 1578351600
      },
      {
        "name": "Kathleen Harris",
        "details": [
          {
            "contact_point": "+1-182-439-9095"
          }
        ],
        "created_timestamp": 1578524400,
        "updated_timestamp": 1576364400
      },
      {
        "name": "Cheryl Franklin",
        "details": [
          {
            "contact_point": "001-612-843-9034"
          }
        ],
        "created_timestamp": 1576537200,
        "updated_timestamp": 1576450800
      },
      {
        "name": "Brianna Smith",
        "details": [
          {
            "contact_point": "1224763302"
          },
          {
            "contact_point": "(764)614-3640"
          },
          {
            "contact_point": "205.387.3358x01487"
          },
          {
            "contact_point": "861-844-7088x973"
          },
          {
            "contact_point": "001-327-831-4490"
          },
          {
            "contact_point": "118.325.7760x228"
          }
        ],
        "created_timestamp": 1577401200,
        "updated_timestamp": 1578265200
      },
      {
        "name": "Jennifer Walker",
        "details": [
          {
            "contact_point": "(631)822-5223"
          }
        ],
        "created_timestamp": 1578524400,
        "updated_timestamp": 1576969200
      },
      {
        "name": "Amy Parker",
        "details": [
          {
            "contact_point": "001-049-020-2622"
          }
        ],
        "created_timestamp": 1578265200,
        "updated_timestamp": 1577314800
      },
      {
        "name": "Patricia Jones",
        "details": [
          {
            "contact_point": "(177)332-4088"
          }
        ],
        "created_timestamp": 1576969200,
        "updated_timestamp": 1577142000
      },
      {
        "name": "Nicholas Thomas",
        "details": [
          {
            "contact_point": "817.573.2829"
          }
        ],
        "created_timestamp": 1578438000,
        "updated_timestamp": 1578524400
      },
      {
        "name": "Brandy Alexander",
        "details": [
          {
            "contact_point": "850-757-7487x2086"
          }
        ],
        "created_timestamp": 1576191600,
        "updated_timestamp": 1576969200
      },
      {
        "name": "Misty Bailey",
        "details": [
          {
            "contact_point": "(308)881-6795x02924"
          }
        ],
        "created_timestamp": 1577228400,
        "updated_timestamp": 1578092400
      },
      {
        "name": "Amy Richmond",
        "details": [
          {
            "contact_point": "586.411.9270x76042"
          }
        ],
        "created_timestamp": 1577228400,
        "updated_timestamp": 1576278000
      },
      {
        "name": "Jasmin Gordon",
        "details": [
          {
            "contact_point": "001-998-221-8282x5527"
          }
        ],
        "created_timestamp": 1577487600,
        "updated_timestamp": 1576537200
      },
      {
        "name": "Sean Edwards",
        "details": [
          {
            "contact_point": "446-211-8815x0082"
          }
        ],
        "created_timestamp": 1578178800,
        "updated_timestamp": 1577660400
      },
      {
        "name": "Christopher Davis",
        "details": [
          {
            "contact_point": "+1-071-349-3012x403"
          }
        ],
        "created_timestamp": 1577919600,
        "updated_timestamp": 1577487600
      },
      {
        "name": "Jennifer Solomon DVM",
        "details": [
          {
            "contact_point": "(109)329-7671"
          }
        ],
        "created_timestamp": 1576537200,
        "updated_timestamp": 1576969200
      },
      {
        "name": "Nicholas Barnes",
        "details": [
          {
            "contact_point": "6265161696"
          }
        ],
        "created_timestamp": 1577660400,
        "updated_timestamp": 1576191600
      },
      {
        "name": "Patrick Cook",
        "details": [
          {
            "contact_point": "1681611030"
          }
        ],
        "created_timestamp": 1577055600,
        "updated_timestamp": 1577314800
      },
      {
        "name": "Michaela Larson",
        "details": [
          {
            "contact_point": "496.003.3130"
          }
        ],
        "created_timestamp": 1576278000,
        "updated_timestamp": 1577055600
      },
      {
        "name": "Henry Scott",
        "details": [
          {
            "contact_point": "+1-508-540-0650x442"
          }
        ],
        "created_timestamp": 1576623600,
        "updated_timestamp": 1576882800
      },
      {
        "name": "Jason Sherman",
        "details": [
          {
            "contact_point": "714.258.8913"
          }
        ],
        "created_timestamp": 1578265200,
        "updated_timestamp": 1577919600
      },
      {
        "name": "John Bonilla",
        "details": [
          {
            "contact_point": "001-166-835-5121x5401"
          }
        ],
        "created_timestamp": 1577401200,
        "updated_timestamp": 1576278000
      },
      {
        "name": "Samantha Cardenas",
        "details": [
          {
            "contact_point": "163.772.9209x3616"
          }
        ],
        "created_timestamp": 1576969200,
        "updated_timestamp": 1576450800
      },
      {
        "name": "Adam Clay",
        "details": [
          {
            "contact_point": "+1-056-805-0919x37735"
          }
        ],
        "created_timestamp": 1577487600,
        "updated_timestamp": 1578178800
      },
      {
        "name": "Charles Jackson",
        "details": [
          {
            "contact_point": "(090)504-8493x56686"
          }
        ],
        "created_timestamp": 1577833200,
        "updated_timestamp": 1577401200
      },
      {
        "name": "Christina Ferguson",
        "details": [
          {
            "contact_point": "080.621.2696x182"
          }
        ],
        "created_timestamp": 1576191600,
        "updated_timestamp": 1576710000
      },
      {
        "name": "William Morris",
        "details": [
          {
            "contact_point": "+1-054-974-8128x2713"
          }
        ],
        "created_timestamp": 1577314800,
        "updated_timestamp": 1576969200
      },
      {
        "name": "Christopher Allen",
        "details": [
          {
            "contact_point": "309.931.7481"
          }
        ],
        "created_timestamp": 1576710000,
        "updated_timestamp": 1576882800
      },
      {
        "name": "Kimberly Wilson",
        "details": [
          {
            "contact_point": "669-052-3785x955"
          }
        ],
        "created_timestamp": 1577919600,
        "updated_timestamp": 1576364400
      },
      {
        "name": "Tracey Cohen",
        "details": [
          {
            "contact_point": "938.105.2708"
          }
        ],
        "created_timestamp": 1577314800,
        "updated_timestamp": 1577919600
      },
      {
        "name": "Andrew Williams",
        "details": [
          {
            "contact_point": "001-091-223-8557x732"
          }
        ],
        "created_timestamp": 1576450800,
        "updated_timestamp": 1577055600
      },
      {
        "name": "Lisa Ward",
        "details": [
          {
            "contact_point": "2843337989"
          }
        ],
        "created_timestamp": 1576450800,
        "updated_timestamp": 1576710000
      },
      {
        "name": "Carla Moore MD",
        "details": [
          {
            "contact_point": "+1-728-997-8666x259"
          }
        ],
        "created_timestamp": 1577401200,
        "updated_timestamp": 1578265200
      },
      {
        "name": "Leonard Cameron",
        "details": [
          {
            "contact_point": "407-016-6301"
          }
        ],
        "created_timestamp": 1576191600,
        "updated_timestamp": 1578524400
      },
      {
        "name": "Donald Lewis",
        "details": [
          {
            "contact_point": "001-545-103-3597x86032"
          }
        ],
        "created_timestamp": 1577228400,
        "updated_timestamp": 1578265200
      },
      {
        "name": "Stephen Collins",
        "details": [
          {
            "contact_point": "001-009-821-7019x08287"
          }
        ],
        "created_timestamp": 1578178800,
        "updated_timestamp": 1577833200
      },
      {
        "name": "Jeffery Pena",
        "details": [
          {
            "contact_point": "(612)062-7275x99804"
          }
        ],
        "created_timestamp": 1578438000,
        "updated_timestamp": 1578524400
      },
      {
        "name": "Robin Hill",
        "details": [
          {
            "contact_point": "087.350.3170x59423"
          }
        ],
        "created_timestamp": 1577487600,
        "updated_timestamp": 1577314800
      },
      {
        "name": "Philip Burch",
        "details": [
          {
            "contact_point": "3300626080"
          }
        ],
        "created_timestamp": 1576537200,
        "updated_timestamp": 1577660400
      },
      {
        "name": "Deborah Johnson",
        "details": [
          {
            "contact_point": "001-377-796-3478"
          }
        ],
        "created_timestamp": 1576191600,
        "updated_timestamp": 1576623600
      },
      {
        "name": "Heather Mcpherson",
        "details": [
          {
            "contact_point": "001-017-862-2949x840"
          }
        ],
        "created_timestamp": 1578351600,
        "updated_timestamp": 1577055600
      },
      {
        "name": "Jessica Smith",
        "details": [
          {
            "contact_point": "594.302.5388x7586"
          }
        ],
        "created_timestamp": 1577314800,
        "updated_timestamp": 1578092400
      },
      {
        "name": "Anne Ponce",
        "details": [
          {
            "contact_point": "0096126129"
          }
        ],
        "created_timestamp": 1577833200,
        "updated_timestamp": 1576191600
      },
      {
        "name": "David Forbes",
        "details": [
          {
            "contact_point": "+1-433-498-7007x30690"
          }
        ],
        "created_timestamp": 1576623600,
        "updated_timestamp": 1576882800
      },
      {
        "name": "William Martinez",
        "details": [
          {
            "contact_point": "357.524.7087x629"
          }
        ],
        "created_timestamp": 1578006000,
        "updated_timestamp": 1576364400
      },
      {
        "name": "Joyce Hobbs",
        "details": [
          {
            "contact_point": "425.934.5042"
          }
        ],
        "created_timestamp": 1577142000,
        "updated_timestamp": 1577228400
      },
      {
        "name": "Danielle Hill",
        "details": [
          {
            "contact_point": "001-906-197-9874x648"
          }
        ],
        "created_timestamp": 1577487600,
        "updated_timestamp": 1578265200
      },
      {
        "name": "Brandon Sullivan",
        "details": [
          {
            "contact_point": "(283)479-3249x5866"
          }
        ],
        "created_timestamp": 1577487600,
        "updated_timestamp": 1577660400
      },
      {
        "name": "Wyatt Riddle",
        "details": [
          {
            "contact_point": "7331232347"
          }
        ],
        "created_timestamp": 1577746800,
        "updated_timestamp": 1576450800
      },
      {
        "name": "Ryan Howe",
        "details": [
          {
            "contact_point": "+1-413-846-1779"
          }
        ],
        "created_timestamp": 1576969200,
        "updated_timestamp": 1578006000
      },
      {
        "name": "Paul Johnson",
        "details": [
          {
            "contact_point": "+1-739-444-9267x630"
          }
        ],
        "created_timestamp": 1577574000,
        "updated_timestamp": 1577574000
      },
      {
        "details": [],
        "created_timestamp": 1577487600,
        "updated_timestamp": 1577142000
      },
      {
        "name": "Joseph Little",
        "details": [],
        "created_timestamp": 1576278000,
        "updated_timestamp": 1576796400
      },
      {
        "name": "Jeremiah Campos",
        "details": [],
        "created_timestamp": 1576278000,
        "updated_timestamp": 1576969200
      },
      {
        "name": "Kimberly Hoffman",
        "details": [],
        "created_timestamp": 1576278000,
        "updated_timestamp": 1577833200
      }
    ]
  }
}