{
  "comments": [
    {
      "timestamp": 1577401200,
      "data": [
        {
          "comment": {
            "timestamp": 1576796400,
            "author": "Jason Jenkins",
            "group": "Appear Control Wear"
          }
        }
      ],
      "title": "So-and-so commented on Such-and-such's comment.**"
    },
    {
      "timestamp": 1577055600,
      "data": [
        {
          "comment": {
            "timestamp": 1577746800,
            "author": "Jose Alexander",
            "group": "Movement Up Myself"
          }
        }
      ],
      "title": "So-and-so commented on Such-and-such's comment.**"
    },
    {
      "timestamp": 1577660400,
      "data": [
        {
          "comment": {
            "timestamp": 1576191600,
            "author": "Henry Garcia",
            "group": "Throw Cost Light This"
          }
        }
      ],
      "title": "So-and-so commented on Such-and-such's comment.**"
    },
    {
      "timestamp": 1576450800,
      "data": [
        {
          "comment": {
            "timestamp": 1576364400,
            "author": "Christina Rice",
            "group": "Financial During Loss"
          }
        }
      ],
      "title": "So-and-so commented on Such-and-such's comment.**"
    },
    {
      "timestamp": 1578438000,
      "data": [
        {
          "comment": {
            "timestamp": 1577055600,
            "author": "Robert Hunter",
            "group": "Start Chair Deep Mind"
          }
        }
      ],
      "title": "So-and-so commented on Such-and-such's comment.**"
    },
    {
      "timestamp": 1576191600,
      "data": [
        {
          "comment": {
            "timestamp": 1576278000,
            "author": "Daniel Knox",
            "group": "More Nice Before"
          }
        }
      ],
      "title": "So-and-so commented on Such-and-such's comment.**"
    },
    {
      "timestamp": 1577228400,
      "data": [
        {
          "comment": {
            "timestamp": 1576278000,
            "author": "Shannon Rocha",
            "group": "Southern Since"
          }
        }
      ],
      "title": "So-and-so commented on Such-and-such's comment.**"
    },
    {
      "timestamp": 1577487600,
      "data": [
        {
          "comment": {
            "timestamp": 1576796400,
            "author": "Jennifer Ramirez MD",
            "group": "Let Teach Mean"
          }
        }
      ],
      "title": "So-and-so commented on Such-and-such's comment.**"
    },
    {
      "timestamp": 1577401200,
      "data": [
        {
          "comment": {
            "timestamp": 1578178800,
            "author": "Teresa Berg",
            "group": "Really Agree Company"
          }
        }
      ],
      "title": "So-and-so commented on Such-and-such's comment.**"
    },
    {
      "timestamp": 1577833200,
      "data": [
        {
          "comment": {
            "timestamp": 1576191600,
            "author": "Lisa Bush",
            "group": "Experience Coach"
          }
        }
      ],
      "title": "So-and-so commented on Such-and-such's comment.**"
    },
    {
      "timestamp": 1578006000,
      "data": [
        {
          "comment": {
            "timestamp": 1577055600,
            "author": "Tyler Owen",
            "group": "Near Push Middle"
          }
        }
      ],
      "title": "So-and-so commented on Such-and-such's comment.**"
    },
    {
      "timestamp": 1578524400,
      "data": [
        {
          "comment": {
            "timestamp": 1577574000,
            "author": "Caroline Webb",
            "group": "Feel Recently While"
          }
        }
      ],
      "title": "So-and-so commented on Such-and-such's comment.**"
    },
    {
      "timestamp": 1578524400,
      "data": [
        {
          "comment": {
            "timestamp": 1578438000,
            "author": "Cassandra Williams",
            "group": "Front Personal"
          }
        }
      ],
      "title": "So-and-so commented on Such-and-such's comment.**"
    },
    {
      "timestamp": 1576623600,
      "data": [
        {
          "comment": {
            "timestamp": 1577660400,
            "author": "Tyler Stewart",
            "group": "Sing Offer Here Sport"
          }
        }
      ],
      "title": "So-and-so commented on Such-and-such's comment.**"
    },
    {
      "timestamp": 1576105200,
      "data": [
        {
          "comment": {
            "timestamp": 1577055600,
            "author": "Melissa Alvarez",
            "group": "Suffer Finally"
          }
        }
      ],
      "title": "So-and-so commented on Such-and-such's comment.**"
    },
    {
      "timestamp": 1576710000,
      "data": [
        {
          "comment": {
            "timestamp": 1578006000,
            "author": "Eric Hall",
            "group": "Tree Anything Outside"
          }
        }
      ],
      "title": "So-and-so commented on Such-and-such's comment.**"
    },
    {
      "timestamp": 1577487600,
      "data": [
        {
          "comment": {
            "timestamp": 1576882800,
            "author": "Caitlin Morgan",
            "group": "Body Increase Capital"
          }
        }
      ],
      "title": "So-and-so commented on Such-and-such's comment.**"
    },
    {
      "timestamp": 1578351600,
      "data": [
        {
          "comment": {
            "timestamp": 1576364400,
            "author": "Rachel Munoz",
            "group": "During Most Market"
          }
        }
      ],
      "title": "So-and-so commented on Such-and-such's comment.**"
    },
    {
      "timestamp": 1577142000,
      "data": [
        {
          "comment": {
            "timestamp": 1577487600,
            "author": "Tyler Webster",
            "group": "Possible Majority"
          }
        }
      ],
      "title": "So-and-so commented on Such-and-such's comment.**"
    },
    {
      "timestamp": 1578524400,
      "data": [
        {
          "comment": {
            "timestamp": 1576882800,
            "author": "John Brooks",
            "group": "Buy Lead However"
          }
        }
      ],
      "title": "So-and-so commented on Such-and-such's comment.**"
    },
    {
      "timestamp": 1578178800,
      "data": [
        {
          "comment": {
            "timestamp": 1577228400,
            "author": "Stefanie Barnett DDS",
            "group": "Son Could Issue Store"
          }
        }
      ],
      "title": "So-and-so commented on Such-and-such's comment.**"
    },
    {
      "timestamp": 1578265200,
      "data": [
        {
          "comment": {
            "timestamp": 1577055600,
            "author": "Debbie Nguyen",
            "group": "Family Child Turn"
          }
        }
      ],
      "title": "So-and-so commented on Such-and-such's comment.**"
    },
    {
      "timestamp": 1576882800,
      "data": [
        {
          "comment": {
            "timestamp": 1576191600,
            "author": "William Randolph"
          }
        }
      ],
      "title": "So-and-so commented on Such-and-such's comment.**"
    },
    {
      "timestamp": 1576969200,
      "data": [
        {
          "comment": {
            "timestamp": 1577228400,
            "author": "Austin Morse"
          }
        }
      ],
      "title": "So-and-so commented on Such-and-such's comment.**"
    },
    {
      "timestamp": 1577314800,
      "data": [
        {
          "comment": {
            "timestamp": 1576450800,
            "author": "Kevin Donaldson"
          }
        }
      ],
      "title": "So-and-so commented on Such-and-such's comment.**"
    },
    {
      "timestamp": 1578524400,
      "data": [
        {
          "comment": {
            "timestamp": 1577919600,
            "author": "Todd Wilson"
          }
        }
      ],
      "title": "So-and-so commented on Such-and-such's comment.**"
    },
    {
      "timestamp": 1578438000,
      "data": [
        {
          "comment": {
            "timestamp": 1577401200,
            "author": "Mrs. Lindsay Weaver"
          }
        }
      ],
      "title": "So-and-so commented on Such-and-such's comment.**"
    },
    {
      "timestamp": 1578351600,
      "data": [
        {
          "comment": {
            "timestamp": 1577142000,
            "author": "Jamie Ray"
          }
        }
      ],
      "title": "So-and-so commented on Such-and-such's comment.**"
    },
    {
      "timestamp": 1577314800,
      "data": [
        {
          "comment": {
            "timestamp": 1577142000,
            "author": "Amanda Anderson"
          }
        }
      ],
      "title": "So-and-so commented on Such-and-such's comment.**"
    },
    {
      "timestamp": 1576191600,
      "data": [
        {
          "comment": {
            "timestamp": 1578438000,
            "author": "William Cohen"
          }
        }
      ],
      "title": "So-and-so commented on Such-and-such's comment.**"
    },
    {
      "timestamp": 1577919600,
      "data": [
        {
          "comment": {
            "timestamp": 1577487600,
            "author": "Dawn Dixon"
          }
        }
      ],
      "title": "So-and-so commented on Such-and-such's comment.**"
    },
    {
      "timestamp": 1576882800,
      "data": [
        {
          "comment": {
            "timestamp": 1576105200,
            "author": "Juan Good"
          }
        }
      ],
      "title": "So-and-so commented on Such-and-such's comment.**"
    },
    {
      "timestamp": 1578178800,
      "data": [
        {
          "comment": {
            "timestamp": 1577833200,
            "author": "David Obrien"
          }
        }
      ],
      "title": "So-and-so commented on Such-and-such's comment.**"
    },
    {
      "timestamp": 1578178800,
      "data": [
        {
          "comment": {
            "timestamp": 1577228400,
            "author": "David Little",
            "group": "Physical Get Politics"
          }
        }
      ],
      "title": "So-and-so commented on Such-and-such's comment.**"
    },
    {
      "timestamp": 1578524400,
      "data": [
        {
          "comment": {
            "timestamp": 1577142000,
            "author": "Aaron Jenkins"
          }
        }
      ],
      "title": "So-and-so commented on Such-and-such's comment.**"
    },
    {
      "timestamp": 1576882800,
      "data": [
        {
          "comment": {
            "timestamp": 1578006000,
            "author": "Brian Maddox"
          }
        }
      ],
      "title": "So-and-so commented on Such-and-such's comment.**"
    },
    {
      "timestamp": 1576623600,
      "data": [
        {
          "comment": {
            "timestamp": 1578524400,
            "author": "Michelle Payne DDS",
            "group": "Ready Activity Treat"
          }
        }
      ],
      "title": "So-and-so commented on Such-and-such's comment.**"
    },
    {
      "timestamp": 1576450800,
      "data": [
        {
          "comment": {
            "timestamp": 1576191600,
            "author": "Logan Johnson",
            "group": "Business Heart Threat"
          }
        }
      ],
      "title": "So-and-so commented on Such-and-such's comment.**"
    },
    {
      "timestamp": 1576364400,
      "data": [
        {
          "comment": {
            "timestamp": 1576364400,
            "author": "April Young",
            "group": "Couple A Occur"
          }
        }
      ],
      "title": "So-and-so commented on Such-and-such's comment.**"
    },
    {
      "timestamp": 1577746800,
      "data": [
        {
          "comment": {
            "timestamp": 1578351600,
            "author": "Brian Ruiz",
            "group": "South Business"
          }
        }
      ],
      "title": "So-and-so commented on Such-and-such's comment.**"
    },
    {
      "timestamp": 1576450800,
      "data": [
        {
          "comment": {
            "timestamp": 1576278000,
            "author": "Pamela Lee",
            "group": "Single Until Bring"
          }
        }
      ],
      "title": "So-and-so commented on Such-and-such's comment.**"
    },
    {
      "timestamp": 1577055600,
      "data": [
        {
          "comment": {
            "timestamp": 1576191600,
            "author": "Tiffany Tapia MD"
          }
        }
      ],
      "title": "So-and-so commented on Such-and-such's comment.**"
    },
    {
      "timestamp": 1576450800,
      "attachments": [
        {
          "data": [
            {
              "external_context": {
                "url": "https://www.wells-schwartz.com/"
              }
            }
          ]
        }
      ],
      "data": [
        {
          "comment": {
            "timestamp": 1576105200,
            "author": "Maria Vincent"
          }
        }
      ],
      "title": "So-and-so commented on Such-and-such's comment.**"
    },
    {
      "timestamp": 1577919600,
      "data": [
        {
          "comment": {
            "timestamp": 1576882800,
            "author": "Alexander Mills",
            "group": "Live Wife Else"
          }
        }
      ],
      "title": "So-and-so commented on Such-and-such's comment.**"
    },
    {
      "timestamp": 1576623600,
      "attachments": [
        {
          "data": [
            {
              "external_context": {
                "url": "http://thomas.com/"
              }
            }
          ]
        }
      ],
      "data": [
        {
          "comment": {
            "timestamp": 1577401200,
            "author": "Christopher Steele"
          }
        }
      ],
      "title": "So-and-so commented on Such-and-such's comment.**"
    },
    {
      "timestamp": 1576278000,
      "data": [
        {
          "comment": {
            "timestamp": 1577574000,
            "author": "Anthony Vazquez"
          }
        }
      ],
      "title": "So-and-so commented on Such-and-such's comment.**"
    },
    {
      "timestamp": 1577660400,
      "data": [
        {
          "comment": {
            "timestamp": 1578438000,
            "author": "Michael Rich"
          }
        }
      ],
      "title": "So-and-so commented on Such-and-such's comment.**"
    },
    {
      "timestamp": 1576105200,
      "data": [
        {
          "comment": {
            "timestamp": 1577401200,
            "author": "Dr. Shannon Henderson DVM"
          }
        }
      ],
      "title": "So-and-so commented on Such-and-such's comment.**"
    },
    {
      "timestamp": 1577919600,
      "data": [
        {
          "comment": {
            "timestamp": 1578524400,
            "author": "Mr. Jeremy Vaughn"
          }
        }
      ],
      "title": "So-and-so commented on Such-and-such's comment.**"
    },
    {
      "timestamp": 1578438000,
      "data": [
        {
          "comment": {
            "timestamp": 1576191600,
            "author": "Alan Kramer"
          }
        }
      ],
      "title": "So-and-so commented on Such-and-such's comment.**"
    },
    {
      "timestamp": 1576796400,
      "data": [
        {
          "comment": {
            "timestamp": 1577401200,
            "author": "Andrew Jackson"
          }
        }
      ],
      "title": "So-and-so commented on Such-and-such's comment.**"
    },
    {
      "timestamp": 1576537200,
      "data": [
        {
          "comment": {
            "timestamp": 1577746800,
            "author": "Melissa Hernandez"
          }
        }
      ],
      "title": "So-and-so commented on Such-and-such's comment.**"
    },
    {
      "timestamp": 1576450800,
      "data": [
        {
          "comment": {
            "timestamp": 1577401200,
            "author": "Rachel Young"
          }
        }
      ],
      "title": "So-and-so commented on Such-and-such's comment.**"
    },
    {
      "timestamp": 1576191600,
      "data": [
        {
          "comment": {
            "timestamp": 1578006000,
            "author": "Ann Khan",
            "group": "I Away Easy Time Help"
          }
        }
      ],
      "title": "So-and-so commented on Such-and-such's comment.**"
    },
    {
      "timestamp": 1578265200,
      "data": [
        {
          "comment": {
            "timestamp": 1576450800,
            "author": "Mr. Jerry Smith",
            "group": "Owner East Soldier"
          }
        }
      ],
      "title": "So-and-so commented on Such-and-such's comment.**"
    },
    {
      "timestamp": 1577833200,
      "data": [
        {
          "comment": {
            "timestamp": 1578265200,
            "author": "Michael Smith",
            "group": "Wish Check Realize"
          }
        }
      ],
      "title": "So-and-so commented on Such-and-such's comment.**"
    },
    {
      "timestamp": 1577833200,
      "data": [
        {
          "comment": {
            "timestamp": 1578438000,
            "author": "Amy Duarte",
            "group": "Statement Artist I"
          }
        }
      ],
      "title": "So-and-so commented on Such-and-such's comment.**"
    },
    {
      "timestamp": 1576278000,
      "data": [
        {
          "comment": {
            "timestamp": 1577487600,
            "author": "Andrew Garcia",
            "group": "Hospital Guess Hope"
          }
        }
      ],
      "title": "So-and-so commented on Such-and-such's comment.**"
    },
    {
      "timestamp": 1578524400,
      "data": [
        {
          "comment": {
            "timestamp": 1578092400,
            "author": "Donald Brown"
          }
        }
      ],
      "title": "So-and-so commented on Such-and-such's comment.**"
    },
    {
      "timestamp": 1577228400,
      "data": [
        {
          "comment": {
            "timestamp": 1578178800,
            "author": "James Olson"
          }
        }
      ],
      "title": "So-and-so commented on Such-and-such's comment.**"
    },
    {
      "timestamp": 1578351600,
      "data": [
        {
          "comment": {
            "timestamp": 1576191600,
            "author": "Catherine Johnson"
          }
        }
      ],
      "title": "So-and-so commented on Such-and-such's comment.**"
    },
    {
      "timestamp": 1576796400,
      "data": [
        {
          "comment": {
            "timestamp": 1576796400,
            "author": "Jamie Mcconnell",
            "group": "Rather Also Nearly"
          }
        }
      ],
      "title": "So-and-so commented on Such-and-such's comment.**"
    },
    {
      "timestamp": 1576191600,
      "data": [
        {
          "comment": {
            "timestamp": 1577487600,
            "author": "Phyllis Cooper",
            "group": "During Join Build"
          }
        }
      ],
      "title": "So-and-so commented on Such-and-such's comment.**"
    },
    {
      "timestamp": 1577487600,
      "data": [
        {
          "comment": {
            "timestamp": 1578178800,
            "author": "Scott Wade",
            "group": "Spend Laugh Talk One"
          }
        }
      ],
      "title": "So-and-so commented on Such-and-such's comment.**"
    },
    {
      "timestamp": 1577401200,
      "attachments": [
        {
          "data": [
            {
              "media": {
                "uri": "photos_and_videos/your_posts/some_local_path.jpg**",
                "creation_timestamp": 1576882800,
                "media_metadata": {
                  "photo_metadata": {
                    "upload_ip": "141.228.8.110"
                  }
                },
                "title": "Not bit market season look road"
              }
            }
          ]
        }
      ],
      "data": [
        {
          "comment": {
            "timestamp": 1578006000,
            "author": "Michael Acosta",
            "group": "Alone Pressure Dinner"
          }
        }
      ],
      "title": "So-and-so commented on Such-and-such's comment.**"
    },
    {
      "timestamp": 1577574000,
      "attachments": [
        {
          "data": [
            {
              "media": {
                "uri": "photos_and_videos/your_posts/some_local_path.jpg**",
                "creation_timestamp": 1577142000,
                "media_metadata": {
                  "photo_metadata": {
                    "upload_ip": "217.209.111.83"
                  }
                },
                "title": "Small water marriage whose southern page"
              }
            }
          ]
        }
      ],
      "data": [
        {
          "comment": {
            "timestamp": 1576364400,
            "author": "Kevin Jordan",
            "group": "Party How Somebody"
          }
        }
      ],
      "title": "So-and-so commented on Such-and-such's comment.**"
    },
    {
      "timestamp": 1577660400,
      "attachments": [
        {
          "data": [
            {
              "media": {
                "uri": "photos_and_videos/your_posts/some_local_path.jpg**",
                "creation_timestamp": 1576623600,
                "media_metadata": {
                  "photo_metadata": {
                    "upload_ip": "22.245.74.79"
                  }
                },
                "title": "Fact pick learn let author material"
              }
            }
          ]
        }
      ],
      "data": [
        {
          "comment": {
            "timestamp": 1578092400,
            "author": "Robert White",
            "group": "Environment Worry She"
          }
        }
      ],
      "title": "So-and-so commented on Such-and-such's comment.**"
    },
    {
      "timestamp": 1577746800,
      "data": [
        {
          "comment": {
            "timestamp": 1577919600,
            "author": "Jerry Howard",
            "group": "Minute Adult"
          }
        }
      ],
      "title": "So-and-so commented on Such-and-such's comment.**"
    },
    {
      "timestamp": 1576710000,
      "data": [
        {
          "comment": {
            "timestamp": 1577314800,
            "author": "Stephanie Armstrong",
            "group": "Risk History Lose"
          }
        }
      ],
      "title": "So-and-so commented on Such-and-such's comment.**"
    },
    {
      "timestamp": 1576796400,
      "data": [
        {
          "comment": {
            "timestamp": 1577919600,
            "author": "Nathan Bush",
            "group": "Child Community Mean"
          }
        }
      ],
      "title": "So-and-so commented on Such-and-such's comment.**"
    },
    {
      "timestamp": 1576450800,
      "data": [
        {
          "comment": {
            "timestamp": 1576623600,
            "author": "Jennifer Ellison",
            "group": "Tonight Down Why"
          }
        }
      ],
      "title": "So-and-so commented on Such-and-such's comment.**"
    },
    {
      "timestamp": 1576450800,
      "data": [
        {
          "comment": {
            "timestamp": 1576710000,
            "author": "John Castillo",
            "group": "National Research"
          }
        }
      ],
      "title": "So-and-so commented on Such-and-such's comment.**"
    },
    {
      "timestamp": 1577833200,
      "data": [
        {
          "comment": {
            "timestamp": 1577487600,
            "author": "Joshua Foster",
            "group": "Accept Wide Poor"
          }
        }
      ],
      "title": "So-and-so commented on Such-and-such's comment.**"
    },
    {
      "timestamp": 1576105200,
      "data": [
        {
          "comment": {
            "timestamp": 1577833200,
            "author": "Michael Lopez",
            "group": "Everyone Head Mention"
          }
        }
      ],
      "title": "So-and-so commented on Such-and-such's comment.**"
    },
    {
      "timestamp": 1576105200,
      "data": [
        {
          "comment": {
            "timestamp": 1577228400,
            "author": "Daniel Martin PhD",
            "group": "Toward Design Gun Bit"
          }
        }
      ],
      "title": "So-and-so commented on Such-and-such's comment.**"
    },
    {
      "timestamp": 1577314800,
      "data": [
        {
          "comment": {
            "timestamp": 1578265200,
            "author": "Brandon Merritt",
            "group": "Difficult Present"
          }
        }
      ],
      "title": "So-and-so commented on Such-and-such's comment.**"
    },
    {
      "timestamp": 1578092400,
      "data": [
        {
          "comment": {
            "timestamp": 1576796400,
            "author": "Gary Bond",
            "group": "Month A Material"
          }
        }
      ],
      "title": "So-and-so commented on Such-and-such's comment.**"
    },
    {
      "timestamp": 1577574000,
      "data": [
        {
          "comment": {
            "timestamp": 1576537200,
            "author": "Julie Phillips",
            "group": "Allow Claim Other Pm"
          }
        }
      ],
      "title": "So-and-so commented on Such-and-such's comment.**"
    },
    {
      "timestamp": 1577746800,
      "data": [
        {
          "comment": {
            "timestamp": 1576105200,
            "author": "Jennifer Esparza",
            "group": "Because Sense Record"
          }
        }
      ],
      "title": "So-and-so commented on Such-and-such's comment.**"
    },
    {
      "timestamp": 1578092400,
      "data": [
        {
          "comment": {
            "timestamp": 1577487600,
            "author": "Marie Martinez",
            "group": "Sense Perhaps"
          }
        }
      ],
      "title": "So-and-so commented on Such-and-such's comment.**"
    },
    {
      "timestamp": 1576537200,
      "data": [
        {
          "comment": {
            "timestamp": 1577833200,
            "author": "Katherine Mason",
            "group": "That Traditional"
          }
        }
      ],
      "title": "So-and-so commented on Such-and-such's comment.**"
    },
    {
      "timestamp": 1576278000,
      "data": [
        {
          "comment": {
            "timestamp": 1578006000,
            "author": "Frederick Smith",
            "group": "Standard Reason"
          }
        }
      ],
      "title": "So-and-so commented on Such-and-such's comment.**"
    },
    {
      "timestamp": 1576278000,
      "data": [
        {
          "comment": {
            "timestamp": 1576882800,
            "author": "Melanie Montes",
            "group": "Level Beautiful"
          }
        }
      ],
      "title": "So-and-so commented on Such-and-such's comment.**"
    },
    {
      "timestamp": 1576710000,
      "data": [
        {
          "comment": {
            "timestamp": 1576105200,
            "author": "Samuel Mann",
            "group": "While Argue During"
          }
        }
      ],
      "title": "So-and-so commented on Such-and-such's comment.**"
    },
    {
      "timestamp": 1577401200,
      "attachments": [
        {
          "data": [
            {
              "external_context": {
                "url": "https://www.lam.com/"
              }
            }
          ]
        }
      ],
      "data": [
        {
          "comment": {
            "timestamp": 1576105200,
            "author": "Tami Moore",
            "group": "Provide Fire While Us"
          }
        }
      ],
      "title": "So-and-so commented on Such-and-such's comment.**"
    },
    {
      "timestamp": 1578006000,
      "data": [
        {
          "comment": {
            "timestamp": 1578178800,
            "author": "Angel Martinez",
            "group": "Assume Leg Something"
          }
        }
      ],
      "title": "So-and-so commented on Such-and-such's comment.**"
    },
    {
      "timestamp": 1576969200,
      "data": [
        {
          "comment": {
            "timestamp": 1577314800,
            "author": "Chloe Blevins",
            "group": "Alone From Long"
          }
        }
      ],
      "title": "So-and-so commented on Such-and-such's comment.**"
    },
    {
      "timestamp": 1577833200,
      "data": [
        {
          "comment": {
            "timestamp": 1577833200,
            "author": "Deborah Davis",
            "group": "Behavior Stand Method"
          }
        }
      ],
      "title": "So-and-so commented on Such-and-such's comment.**"
    },
    {
      "timestamp": 1578438000,
      "data": [
        {
          "comment": {
            "timestamp": 1576537200,
            "author": "Christopher Graham",
            "group": "Model Plan Effort The"
          }
        }
      ],
      "title": "So-and-so commented on Such-and-such's comment.**"
    },
    {
      "timestamp": 1577142000,
      "data": [
        {
          "comment": {
            "timestamp": 1576278000,
            "author": "Melissa Jackson",
            "group": "Degree Agent Boy Foot"
          }
        }
      ],
      "title": "So-and-so commented on Such-and-such's comment.**"
    },
    {
      "timestamp": 1577142000,
      "data": [
        {
          "comment": {
            "timestamp": 1578178800,
            "author": "Jeremy Powell",
            "group": "Impact Interest Door"
          }
        }
      ],
      "title": "So-and-so commented on Such-and-such's comment.**"
    },
    {
      "timestamp": 1578178800,
      "data": [
        {
          "comment": {
            "timestamp": 1576278000,
            "author": "Stephanie Campbell",
            "group": "Face Career Degree"
          }
        }
      ],
      "title": "So-and-so commented on Such-and-such's comment.**"
    },
    {
      "timestamp": 1577919600,
      "data": [
        {
          "comment": {
            "timestamp": 1578006000,
            "author": "Amy Reyes",
            "group": "Major Decade Short"
          }
        }
      ],
      "title": "So-and-so commented on Such-and-such's comment.**"
    },
    {
      "timestamp": 1577660400,
      "data": [
        {
          "comment": {
            "timestamp": 1577401200,
            "author": "Kelly Wilson",
            "group": "Rise Opportunity Want"
          }
        }
      ],
      "title": "So-and-so commented on Such-and-such's comment.**"
    },
    {
      "timestamp": 1578178800,
      "data": [
        {
          "comment": {
            "timestamp": 1577487600,
            "author": "Raymond Kane",
            "group": "Stuff Different Ever"
          }
        }
      ],
      "title": "So-and-so commented on Such-and-such's comment.**"
    },
    {
      "timestamp": 1576278000,
      "data": [
        {
          "comment": {
            "timestamp": 1577055600,
            "author": "Heather Benson",
            "group": "Yet Matter Form Any"
          }
        }
      ],
      "title": "So-and-so commented on Such-and-such's comment.**"
    },
    {
      "timestamp": 1577228400,
      "data": [
        {
          "comment": {
            "timestamp": 1577228400,
            "author": "Elizabeth Martin",
            "group": "Hard Behind Rock"
          }
        }
      ],
      "title": "So-and-so commented on Such-and-such's comment.**"
    },
    {
      "timestamp": 1576105200,
      "data": [
        {
          "comment": {
            "timestamp": 1578006000,
            "author": "Lindsey Whitaker",
            "group": "Already Mention Yard"
          }
        }
      ],
      "title": "So-and-so commented on Such-and-such's comment.**"
    },
    {
      "timestamp": 1578092400,
      "data": [
        {
          "comment": {
            "timestamp": 1576191600,
            "author": "Christine Myers",
            "group": "Reason Store"
          }
        }
      ],
      "title": "So-and-so commented on Such-and-such's comment.**"
    },
    {
      "timestamp": 1576537200,
      "data": [
        {
          "comment": {
            "timestamp": 1577833200,
            "author": "Elizabeth Kelly",
            "group": "Form Provide Example"
          }
        }
      ],
      "title": "So-and-so commented on Such-and-such's comment.**"
    },
    {
      "timestamp": 1577228400,
      "data": [
        {
          "comment": {
            "timestamp": 1577314800,
            "author": "Mark Guerrero",
            "group": "Poor Defense Various"
          }
        }
      ],
      "title": "So-and-so commented on Such-and-such's comment.**"
    },
    {
      "timestamp": 1578351600,
      "data": [
        {
          "comment": {
            "timestamp": 1576796400,
            "author": "Kenneth Perkins",
            "group": "Somebody Current Full"
          }
        }
      ],
      "title": "So-and-so commented on Such-and-such's comment.**"
    },
    {
      "timestamp": 1577142000,
      "data": [
        {
          "comment": {
            "timestamp": 1578092400,
            "author": "Linda Downs",
            "group": "Opportunity Capital"
          }
        }
      ],
      "title": "So-and-so commented on Such-and-such's comment.**"
    },
    {
      "timestamp": 1577228400,
      "data": [
        {
          "comment": {
            "timestamp": 1578178800,
            "author": "Scott Berg",
            "group": "Cut Always Policy"
          }
        }
      ],
      "title": "So-and-so commented on Such-and-such's comment.**"
    },
    {
      "timestamp": 1578265200,
      "data": [
        {
          "comment": {
            "timestamp": 1577142000,
            "author": "Jacob Stevens",
            "group": "Space True Feeling"
          }
        }
      ],
      "title": "So-and-so commented on Such-and-such's comment.**"
    },
    {
      "timestamp": 1576710000,
      "data": [
        {
          "comment": {
            "timestamp": 1576882800,
            "author": "Bryan Chan",
            "group": "Traditional Analysis"
          }
        }
      ],
      "title": "So-and-so commented on Such-and-such's comment.**"
    },
    {
      "timestamp": 1578351600,
      "data": [
        {
          "comment": {
            "timestamp": 1577055600,
            "author": "John Richardson",
            "group": "Against Resource Site"
          }
        }
      ],
      "title": "So-and-so commented on Such-and-such's comment.**"
    },
    {
      "timestamp": 1577919600,
      "data": [
        {
          "comment": {
            "timestamp": 1577314800,
            "author": "Tina Collier",
            "group": "Foot Say Everything"
          }
        }
      ],
      "title": "So-and-so commented on Such-and-such's comment.**"
    },
    {
      "timestamp": 1578178800,
      "data": [
        {
          "comment": {
            "timestamp": 1576450800,
            "author": "Jessica Austin",
            "group": "Candidate The Million"
          }
        }
      ],
      "title": "So-and-so commented on Such-and-such's comment.**"
    },
    {
      "timestamp": 1577574000,
      "data": [
        {
          "comment": {
            "timestamp": 1576882800,
            "author": "Jonathan Rangel",
            "group": "Both Economy Measure"
          }
        }
      ],
      "title": "So-and-so commented on Such-and-such's comment.**"
    },
    {
      "timestamp": 1576105200,
      "data": [
        {
          "comment": {
            "timestamp": 1578265200,
            "author": "John Solomon",
            "group": "Chair Market Their"
          }
        }
      ],
      "title": "So-and-so commented on Such-and-such's comment.**"
    },
    {
      "timestamp": 1576710000,
      "data": [
        {
          "comment": {
            "timestamp": 1576537200,
            "author": "Jonathan Walker",
            "group": "Top Often Inside Song"
          }
        }
      ],
      "title": "So-and-so commented on Such-and-such's comment.**"
    },
    {
      "timestamp": 1576105200,
      "data": [
        {
          "comment": {
            "timestamp": 1576364400,
            "author": "Tiffany Reyes",
            "group": "Attention Student"
          }
        }
      ],
      "title": "So-and-so commented on Such-and-such's comment.**"
    },
    {
      "timestamp": 1576969200,
      "data": [
        {
          "comment": {
            "timestamp": 1576537200,
            "author": "Teresa Scott",
            "group": "Either Body Card With"
          }
        }
      ],
      "title": "So-and-so commented on Such-and-such's comment.**"
    },
    {
      "timestamp": 1576105200,
      "data": [
        {
          "comment": {
            "timestamp": 1577487600,
            "author": "Brett Baldwin IV",
            "group": "Dream Along"
          }
        }
      ],
      "title": "So-and-so commented on Such-and-such's comment.**"
    },
    {
      "timestamp": 1576969200,
      "data": [
        {
          "comment": {
            "timestamp": 1577746800,
            "author": "Debra Hubbard",
            "group": "Memory Model Society"
          }
        }
      ],
      "title": "So-and-so commented on Such-and-such's comment.**"
    },
    {
      "timestamp": 1577142000,
      "data": [
        {
          "comment": {
            "timestamp": 1577574000,
            "author": "Charles Garcia",
            "group": "Behavior Decide"
          }
        }
      ],
      "title": "So-and-so commented on Such-and-such's comment.**"
    },
    {
      "timestamp": 1576623600,
      "data": [
        {
          "comment": {
            "timestamp": 1577746800,
            "author": "Shannon Cox",
            "group": "Want Surface"
          }
        }
      ],
      "title": "So-and-so commented on Such-and-such's comment.**"
    },
    {
      "timestamp": 1576191600,
      "data": [
        {
          "comment": {
            "timestamp": 1576969200,
            "author": "Margaret Cook MD",
            "group": "Feel Our Hope Radio"
          }
        }
      ],
      "title": "So-and-so commented on Such-and-such's comment.**"
    },
    {
      "timestamp": 1578438000,
      "data": [
        {
          "comment": {
            "timestamp": 1577228400,
            "author": "Walter Cruz",
            "group": "Every Know Image"
          }
        }
      ],
      "title": "So-and-so commented on Such-and-such's comment.**"
    },
    {
      "timestamp": 1577660400,
      "data": [
        {
          "comment": {
            "timestamp": 1576105200,
            "author": "Sean Ward",
            "group": "Hundred Long Fly"
          }
        }
      ],
      "title": "So-and-so commented on Such-and-such's comment.**"
    },
    {
      "timestamp": 1578438000,
      "data": [
        {
          "comment": {
            "timestamp": 1577055600,
            "author": "Mark Hill",
            "group": "Outside Remember"
          }
        }
      ],
      "title": "So-and-so commented on Such-and-such's comment.**"
    },
    {
      "timestamp": 1576969200,
      "data": [
        {
          "comment": {
            "timestamp": 1576278000,
            "author": "Stacy Sandoval",
            "group": "That Board Order"
          }
        }
      ],
      "title": "So-and-so commented on Such-and-such's comment.**"
    },
    {
      "timestamp": 1577919600,
      "data": [
        {
          "comment": {
            "timestamp": 1578265200,
            "author": "Mr. Kevin Petty MD",
            "group": "Others Fast Rate See"
          }
        }
      ],
      "title": "So-and-so commented on Such-and-such's comment.**"
    },
    {
      "timestamp": 1576969200,
      "data": [
        {
          "comment": {
            "timestamp": 1576710000,
            "author": "Dana Smith",
            "group": "Him Physical Game Day"
          }
        }
      ],
      "title": "So-and-so commented on Such-and-such's comment.**"
    },
    {
      "timestamp": 1576710000,
      "data": [
        {
          "comment": {
            "timestamp": 1578524400,
            "author": "Kevin Rich",
            "group": "Even Hear Research"
          }
        }
      ],
      "title": "So-and-so commented on Such-and-such's comment.**"
    },
    {
      "timestamp": 1576796400,
      "data": [
        {
          "comment": {
            "timestamp": 1577228400,
            "author": "Brooke Harvey",
            "group": "Same Federal Rock"
          }
        }
      ],
      "title": "So-and-so commented on Such-and-such's comment.**"
    },
    {
      "timestamp": 1578092400,
      "data": [
        {
          "comment": {
            "timestamp": 1577314800,
            "author": "Casey Donovan",
            "group": "College History Down"
          }
        }
      ],
      "title": "So-and-so commented on Such-and-such's comment.**"
    },
    {
      "timestamp": 1576191600,
      "data": [
        {
          "comment": {
            "timestamp": 1576450800,
            "author": "Laura Williams",
            "group": "Tax Debate Wear"
          }
        }
      ],
      "title": "So-and-so commented on Such-and-such's comment.**"
    },
    {
      "timestamp": 1577833200,
      "data": [
        {
          "comment": {
            "timestamp": 1576969200,
            "author": "Wayne Farmer",
            "group": "Few Station Senior"
          }
        }
      ],
      "title": "So-and-so commented on Such-and-such's comment.**"
    },
    {
      "timestamp": 1577833200,
      "data": [
        {
          "comment": {
            "timestamp": 1576450800,
            "author": "Jessica Hebert",
            "group": "Clearly Skin Industry"
          }
        }
      ],
      "title": "So-and-so commented on Such-and-such's comment.**"
    },
    {
      "timestamp": 1576623600,
      "data": [
        {
          "comment": {
            "timestamp": 1577142000,
            "author": "Anthony Bullock PhD",
            "group": "Turn Former New Force"
          }
        }
      ],
      "title": "So-and-so commented on Such-and-such's comment.**"
    },
    {
      "timestamp": 1577401200,
      "data": [
        {
          "comment": {
            "timestamp": 1577746800,
            "author": "Makayla Blevins",
            "group": "Simply Affect Thought"
          }
        }
      ],
      "title": "So-and-so commented on Such-and-such's comment.**"
    },
    {
      "timestamp": 1576710000,
      "data": [
        {
          "comment": {
            "timestamp": 1576969200,
            "author": "Michelle Miranda",
            "group": "Individual Somebody"
          }
        }
      ],
      "title": "So-and-so commented on Such-and-such's comment.**"
    },
    {
      "timestamp": 1576623600,
      "data": [
        {
          "comment": {
            "timestamp": 1576105200,
            "author": "Richard Allison"
          }
        }
      ],
      "title": "So-and-so commented on Such-and-such's comment.**"
    },
    {
      "timestamp": 1578092400,
      "data": [
        {
          "comment": {
            "timestamp": 1577314800,
            "author": "Tyler Davis"
          }
        }
      ],
      "title": "So-and-so commented on Such-and-such's comment.**"
    },
    {
      "timestamp": 1576278000,
      "data": [
        {
          "comment": {
            "timestamp": 1576364400,
            "author": "Sharon Smith DDS"
          }
        }
      ],
      "title": "So-and-so commented on Such-and-such's comment.**"
    },
    {
      "timestamp": 1577919600,
      "data": [
        {
          "comment": {
            "timestamp": 1577487600,
            "author": "Michael Ramirez"
          }
        }
      ],
      "title": "So-and-so commented on Such-and-such's comment.**"
    },
    {
      "timestamp": 1578524400,
      "attachments": [
        {
          "data": [
            {
              "external_context": {
                "url": "http://wolf.com/"
              }
            }
          ]
        }
      ],
      "data": [
        {
          "comment": {
            "timestamp": 1576710000,
            "author": "Omar Phillips"
          }
        }
      ],
      "title": "So-and-so commented on Such-and-such's comment.**"
    },
    {
      "timestamp": 1576450800,
      "attachments": [
        {
          "data": [
            {
              "external_context": {
                "url": "https://lowe-may.info/"
              }
            }
          ]
        }
      ],
      "data": [
        {
          "comment": {
            "timestamp": 1576710000,
            "author": "David Collins"
          }
        }
      ],
      "title": "So-and-so commented on Such-and-such's comment.**"
    },
    {
      "timestamp": 1577401200,
      "attachments": [
        {
          "data": [
            {
              "external_context": {
                "url": "https://long-stone.net/"
              }
            }
          ]
        }
      ],
      "data": [
        {
          "comment": {
            "timestamp": 1577055600,
            "author": "Angel Snyder"
          }
        }
      ],
      "title": "So-and-so commented on Such-and-such's comment.**"
    },
    {
      "timestamp": 1578265200,
      "attachments": [
        {
          "data": [
            {
              "external_context": {
                "url": "https://www.fields.info/"
              }
            }
          ]
        }
      ],
      "data": [
        {
          "comment": {
            "timestamp": 1577746800,
            "author": "Michael Diaz"
          }
        }
      ],
      "title": "So-and-so commented on Such-and-such's comment.**"
    },
    {
      "timestamp": 1578006000,
      "attachments": [
        {
          "data": [
            {
              "external_context": {
                "url": "http://www.fletcher-burns.com/"
              }
            }
          ]
        }
      ],
      "data": [
        {
          "comment": {
            "timestamp": 1576796400,
            "author": "Ricky Johnson"
          }
        }
      ],
      "title": "So-and-so commented on Such-and-such's comment.**"
    },
    {
      "timestamp": 1577487600,
      "data": [
        {
          "comment": {
            "timestamp": 1578178800,
            "author": "John Farmer"
          }
        }
      ],
      "title": "So-and-so commented on Such-and-such's comment.**"
    },
    {
      "timestamp": 1577574000,
      "data": [
        {
          "comment": {
            "timestamp": 1578438000,
            "author": "April Long",
            "group": "Administration"
          }
        }
      ],
      "title": "So-and-so commented on Such-and-such's comment.**"
    },
    {
      "timestamp": 1577660400,
      "data": [
        {
          "comment": {
            "timestamp": 1576969200,
            "author": "Alyssa Bowen",
            "group": "Education New Case"
          }
        }
      ],
      "title": "So-and-so commented on Such-and-such's comment.**"
    },
    {
      "timestamp": 1577746800,
      "data": [
        {
          "comment": {
            "timestamp": 1576623600,
            "author": "Emily Delgado",
            "group": "Believe Sometimes"
          }
        }
      ],
      "title": "So-and-so commented on Such-and-such's comment.**"
    },
    {
      "timestamp": 1577746800,
      "data": [
        {
          "comment": {
            "timestamp": 1576623600,
            "author": "James Robinson",
            "group": "Pick Total Station"
          }
        }
      ],
      "title": "So-and-so commented on Such-and-such's comment.**"
    },
    {
      "timestamp": 1576969200,
      "title": "So-and-so commented on Such-and-such's comment.**"
    },
    {
      "timestamp": 1578524400,
      "title": "So-and-so commented on Such-and-such's comment.**"
    },
    {
      "timestamp": 1576796400,
      "data": [
        {
          "comment": {
            "timestamp": 1576537200,
            "author": "Jessica Pineda",
            "group": "Lose Because Enjoy"
          }
        }
      ],
      "title": "So-and-so commented on Such-and-such's comment.**"
    },
    {
      "timestamp": 1577401200,
      "data": [
        {
          "comment": {
            "timestamp": 1576191600,
            "author": "Mary Forbes",
            "group": "President Ago Crime"
          }
        }
      ],
      "title": "So-and-so commented on Such-and-such's comment.**"
    },
    {
      "timestamp": 1576969200,
      "attachments": [
        {
          "data": [
            {
              "external_context": {
                "url": "https://www.parker-thomas.org/"
              }
            }
          ]
        }
      ],
      "data": [
        {
          "comment": {
            "timestamp": 1576450800,
            "author": "Christine Lane",
            "group": "Challenge Nor Image"
          }
        }
      ],
      "title": "So-and-so commented on Such-and-such's comment.**"
    },
    {
      "timestamp": 1576537200,
      "data": [
        {
          "comment": {
            "timestamp": 1577833200,
            "author": "Kelly Maldonado",
            "group": "All Effort Either"
          }
        }
      ],
      "title": "So-and-so commented on Such-and-such's comment.**"
    },
    {
      "timestamp": 1576969200,
      "title": "So-and-so commented on Such-and-such's comment.**"
    },
    {
      "timestamp": 1576796400,
      "title": "So-and-so commented on Such-and-such's comment.**"
    },
    {
      "timestamp": 1576105200,
      "title": "So-and-so commented on Such-and-such's comment.**"
    },
    {
      "timestamp": 1576450800,
      "title": "So-and-so commented on Such-and-such's comment.**"
    },
    {
      "timestamp": 1578006000,
      "title": "So-and-so commented on Such-and-such's comment.**"
    },
    {
      "timestamp": 1576882800,
      "title": "So-and-so commented on Such-and-such's comment.**"
    },
    {
      "timestamp": 1577833200,
      "data": [
        {
          "comment": {
            "timestamp": 1578438000,
            "author": "Allison Chapman",
            "group": "Individual Run Risk"
          }
        }
      ],
      "title": "So-and-so commented on Such-and-such's comment.**"
    },
    {
      "timestamp": 1578265200,
      "data": [
        {
          "comment": {
            "timestamp": 1577055600,
            "author": "Lisa Scott",
            "group": "Build Job Recent"
          }
        }
      ],
      "title": "So-and-so commented on Such-and-such's comment.**"
    },
    {
      "timestamp": 1577833200,
      "data": [
        {
          "comment": {
            "timestamp": 1577919600,
            "author": "Michele Dickerson",
            "group": "Black Building"
          }
        }
      ],
      "title": "So-and-so commented on Such-and-such's comment.**"
    },
    {
      "timestamp": 1576623600,
      "data": [
        {
          "comment": {
            "timestamp": 1576450800,
            "author": "Jacqueline Stone",
            "group": "There Evidence Us"
          }
        }
      ],
      "title": "So-and-so commented on Such-and-such's comment.**"
    },
    {
      "timestamp": 1577660400,
      "data": [
        {
          "comment": {
            "timestamp": 1576969200,
            "author": "Brian Boyd",
            "group": "Marriage Because Guy"
          }
        }
      ],
      "title": "So-and-so commented on Such-and-such's comment.**"
    },
    {
      "timestamp": 1577487600,
      "data": [
        {
          "comment": {
            "timestamp": 1578524400,
            "author": "Samuel Matthews",
            "group": "If They Write Design"
          }
        }
      ],
      "title": "So-and-so commented on Such-and-such's comment.**"
    },
    {
      "timestamp": 1578351600,
      "data": [
        {
          "comment": {
            "timestamp": 1577919600,
            "author": "Sherry Jackson",
            "group": "Pull Body Themselves"
          }
        }
      ],
      "title": "So-and-so commented on Such-and-such's comment.**"
    },
    {
      "timestamp": 1577487600,
      "data": [
        {
          "comment": {
            "timestamp": 1577314800,
            "author": "Nicole Moore",
            "group": "Continue Positive"
          }
        }
      ],
      "title": "So-and-so commented on Such-and-such's comment.**"
    },
    {
      "timestamp": 1578265200,
      "data": [
        {
          "comment": {
            "timestamp": 1576191600,
            "author": "Craig Vargas",
            "group": "Red Your Wife Those"
          }
        }
      ],
      "title": "So-and-so commented on Such-and-such's comment.**"
    },
    {
      "timestamp": 1577401200,
      "data": [
        {
          "comment": {
            "timestamp": 1577401200,
            "author": "Rhonda Martin",
            "group": "Thank Stay Protect"
          }
        }
      ],
      "title": "So-and-so commented on Such-and-such's comment.**"
    },
    {
      "timestamp": 1577833200,
      "data": [
        {
          "comment": {
            "timestamp": 1576882800,
            "author": "John Owens",
            "group": "Sell Room Radio Child"
          }
        }
      ],
      "title": "So-and-so commented on Such-and-such's comment.**"
    },
    {
      "timestamp": 1577660400,
      "data": [
        {
          "comment": {
            "timestamp": 1576105200,
            "author": "Matthew Carter",
            "group": "Television Our Better"
          }
        }
      ],
      "title": "So-and-so commented on Such-and-such's comment.**"
    },
    {
      "timestamp": 1576623600,
      "data": [
        {
          "comment": {
            "timestamp": 1576364400,
            "author": "Katie Perez",
            "group": "Sea Away Kitchen"
          }
        }
      ],
      "title": "So-and-so commented on Such-and-such's comment.**"
    }
  ]
}