{
  "followers": [
    {
      "name": "Eric Warren"
    },
    {
      "name": "Chad Salazar"
    },
    {
      "name": "David Wilson"
    },
    {
      "name": "Dr. Allison Herman MD"
    },
    {
      "name": "Cody Diaz"
    },
    {
      "name": "Marilyn Cooper"
    },
    {
      "name": "Mark Oliver"
    },
    {
      "name": "Terry Vasquez"
    },
    {
      "name": "Thomas Le"
    },
    {
      "name": "Andrew Warner"
    },
    {
      "name": "Maria Grant"
    },
    {
      "name": "Elizabeth Perez"
    },
    {
      "name": "Larry Baker"
    },
    {
      "name": "Erica Lopez"
    },
    {
      "name": "Sarah Hamilton"
    }
  ]
}