{
  "friends": [
    {
      "name": "Morgan Smith",
      "timestamp": 1577228400
    },
    {
      "name": "Paul Avery",
      "timestamp": 1576537200
    },
    {
      "name": "Melissa Garcia",
      "timestamp": 1576969200
    },
    {
      "name": "Hunter Leonard",
      "timestamp": 1576278000
    },
    {
      "name": "Sabrina Richard",
      "timestamp": 1576364400
    },
    {
      "name": "Andrew Alvarez",
      "timestamp": 1576278000
    },
    {
      "name": "Jennifer Rose",
      "timestamp": 1577746800
    },
    {
      "name": "Johnny Price",
      "timestamp": 1577833200
    },
    {
      "name": "Kenneth Decker",
      "timestamp": 1576450800
    },
    {
      "name": "Amanda Jones",
      "timestamp": 1578092400
    },
    {
      "name": "Olivia White",
      "timestamp": 1578438000
    },
    {
      "name": "Monique Contreras",
      "timestamp": 1577228400
    },
    {
      "name": "Kimberly Lee",
      "timestamp": 1576105200
    },
    {
      "name": "Maria Ruiz",
      "timestamp": 1577228400
    },
    {
      "name": "Sarah Parker",
      "timestamp": 1576796400
    },
    {
      "name": "Michael Dickerson",
      "timestamp": 1577574000
    },
    {
      "name": "Rodney Ryan",
      "timestamp": 1576710000
    },
    {
      "name": "Jennifer Sullivan",
      "timestamp": 1577660400
    },
    {
      "name": "Angela Clark",
      "timestamp": 1576278000
    },
    {
      "name": "Carol Thornton",
      "timestamp": 1576623600
    },
    {
      "name": "Joshua Snyder",
      "timestamp": 1577055600
    },
    {
      "name": "Scott Hernandez",
      "timestamp": 1578092400
    },
    {
      "name": "Derek Shea",
      "timestamp": 1576623600
    },
    {
      "name": "Molly Marshall",
      "timestamp": 1576105200
    },
    {
      "name": "April Mccarty",
      "timestamp": 1577142000
    },
    {
      "name": "Curtis Baker",
      "timestamp": 1577055600
    },
    {
      "name": "Anne Melendez",
      "timestamp": 1576278000
    },
    {
      "name": "Jessica Berger",
      "timestamp": 1577660400
    },
    {
      "name": "Lance Williams",
      "timestamp": 1577401200
    },
    {
      "name": "Christopher Ramirez",
      "timestamp": 1577055600
    },
    {
      "name": "Stephanie Harrell",
      "timestamp": 1576882800
    },
    {
      "name": "Terri Morton",
      "timestamp": 1577660400
    },
    {
      "name": "Marcus Aguilar",
      "timestamp": 1577314800
    },
    {
      "name": "Brett Andrews",
      "timestamp": 1577487600
    },
    {
      "name": "Chelsea Cochran",
      "timestamp": 1578351600
    },
    {
      "name": "Mark Hunter",
      "timestamp": 1576450800
    },
    {
      "name": "Anthony Williams",
      "timestamp": 1577228400
    },
    {
      "name": "Christine Silva",
      "timestamp": 1577142000
    },
    {
      "name": "Lisa Wood",
      "timestamp": 1576105200
    },
    {
      "name": "April Green",
      "timestamp": 1576623600
    },
    {
      "name": "Nicole Torres",
      "timestamp": 1576450800
    },
    {
      "name": "Ronald Morgan",
      "timestamp": 1577660400
    },
    {
      "name": "Andrea Gibson",
      "timestamp": 1578524400
    },
    {
      "name": "Richard Ewing",
      "timestamp": 1576710000
    },
    {
      "name": "Brian Clark",
      "timestamp": 1576105200
    },
    {
      "name": "Jason Yu",
      "timestamp": 1577055600
    },
    {
      "name": "Daniel Cruz",
      "timestamp": 1576537200
    },
    {
      "name": "Mary Rogers",
      "timestamp": 1578265200
    },
    {
      "name": "Mark Parrish",
      "timestamp": 1577401200
    },
    {
      "name": "Christopher Powell",
      "timestamp": 1577055600
    },
    {
      "name": "Darren Carroll",
      "timestamp": 1576882800
    },
    {
      "name": "Elizabeth Hebert",
      "timestamp": 1576105200
    },
    {
      "name": "Harold Harris",
      "timestamp": 1577142000
    },
    {
      "name": "Michael Cole",
      "timestamp": 1576278000
    },
    {
      "name": "Dustin Stafford",
      "timestamp": 1577055600
    },
    {
      "name": "Kenneth Vance",
      "timestamp": 1576969200
    },
    {
      "name": "Norman Herman PhD",
      "timestamp": 1577401200
    },
    {
      "name": "Judy Rivers",
      "timestamp": 1577142000
    },
    {
      "name": "Joseph Russell",
      "timestamp": 1577314800
    },
    {
      "name": "Daniel Christian",
      "timestamp": 1577919600
    },
    {
      "name": "Sharon Bond",
      "timestamp": 1577833200
    },
    {
      "name": "James Williams",
      "timestamp": 1578092400
    },
    {
      "name": "William Collier",
      "timestamp": 1578524400
    },
    {
      "name": "Karen Baker",
      "timestamp": 1578006000
    },
    {
      "name": "Beth Vance",
      "timestamp": 1577314800
    },
    {
      "name": "Debra Aguilar",
      "timestamp": 1577228400
    },
    {
      "name": "Cynthia Owen",
      "timestamp": 1578006000
    },
    {
      "name": "Jean Landry",
      "timestamp": 1577055600
    },
    {
      "name": "Joseph Carter",
      "timestamp": 1576623600
    },
    {
      "name": "Blake Mccoy",
      "timestamp": 1577401200
    },
    {
      "name": "Anna Kaufman",
      "timestamp": 1578092400
    },
    {
      "name": "William Brown",
      "timestamp": 1577660400
    },
    {
      "name": "Elizabeth Campos",
      "timestamp": 1578178800
    },
    {
      "name": "Brianna Marshall",
      "timestamp": 1576450800
    },
    {
      "name": "Robert Reid",
      "timestamp": 1577660400
    },
    {
      "name": "Douglas Rogers",
      "timestamp": 1576191600
    },
    {
      "name": "James Mccarthy",
      "timestamp": 1577401200
    },
    {
      "name": "Victoria Lara",
      "timestamp": 1577314800
    },
    {
      "name": "Austin Harvey",
      "timestamp": 1578438000
    },
    {
      "name": "Sara Allen",
      "timestamp": 1576191600
    },
    {
      "name": "Sophia Santana",
      "timestamp": 1576537200
    },
    {
      "name": "Donna Nelson",
      "timestamp": 1576623600
    },
    {
      "name": "Justin Ruiz",
      "timestamp": 1576882800
    },
    {
      "name": "Jacob Jackson",
      "timestamp": 1576710000
    },
    {
      "name": "Lindsey Silva",
      "timestamp": 1577833200
    },
    {
      "name": "Jesse Johnson",
      "timestamp": 1577919600
    },
    {
      "name": "Matthew Gomez",
      "timestamp": 1576623600
    },
    {
      "name": "Brenda Smith",
      "timestamp": 1577487600
    },
    {
      "name": "Jessica Ellis",
      "timestamp": 1577401200
    },
    {
      "name": "Melissa Mejia",
      "timestamp": 1577314800
    },
    {
      "name": "Shelly Jones",
      "timestamp": 1578265200
    },
    {
      "name": "Daniel Brown",
      "timestamp": 1576623600
    },
    {
      "name": "Kelly Roberts",
      "timestamp": 1578265200
    },
    {
      "name": "John Alvarado",
      "timestamp": 1577746800
    },
    {
      "name": "Lisa Rios",
      "timestamp": 1576710000
    },
    {
      "name": "Robin Cuevas",
      "timestamp": 1576623600
    },
    {
      "name": "Cassandra Hampton",
      "timestamp": 1577228400
    },
    {
      "name": "Christina Ford",
      "timestamp": 1578265200
    },
    {
      "name": "Blake Estrada",
      "timestamp": 1576796400
    },
    {
      "name": "Zachary Smith",
      "timestamp": 1576969200
    },
    {
      "name": "Renee Williams",
      "timestamp": 1576537200
    },
    {
      "name": "Alyssa Williams",
      "timestamp": 1577314800
    },
    {
      "name": "Justin Santos",
      "timestamp": 1576105200
    },
    {
      "name": "Jessica Walsh",
      "timestamp": 1578351600
    },
    {
      "name": "Daniel Chambers",
      "timestamp": 1576278000
    },
    {
      "name": "John Cunningham",
      "timestamp": 1578006000
    },
    {
      "name": "Madeline Smith",
      "timestamp": 1576537200
    },
    {
      "name": "Sarah Watson",
      "timestamp": 1576710000
    },
    {
      "name": "Thomas Turner",
      "timestamp": 1576710000
    },
    {
      "name": "Timothy English",
      "timestamp": 1577142000
    },
    {
      "name": "Samuel Campos",
      "timestamp": 1578265200
    },
    {
      "name": "William Murphy",
      "timestamp": 1576450800
    },
    {
      "name": "Amy Jenkins",
      "timestamp": 1578351600
    },
    {
      "name": "Courtney Mayer",
      "timestamp": 1577401200
    },
    {
      "name": "Leah Clark",
      "timestamp": 1576710000
    },
    {
      "name": "Xavier Griffith",
      "timestamp": 1576105200
    },
    {
      "name": "Kayla Allen",
      "timestamp": 1577228400
    },
    {
      "name": "Derek Rocha",
      "timestamp": 1578524400
    },
    {
      "name": "Jodi Turner",
      "timestamp": 1577314800
    },
    {
      "name": "Ryan Clark",
      "timestamp": 1576969200
    },
    {
      "name": "Mrs. Christine Carlson DVM",
      "timestamp": 1577574000
    },
    {
      "name": "Jason Nelson",
      "timestamp": 1577401200
    },
    {
      "name": "Anthony Cannon",
      "timestamp": 1576882800
    },
    {
      "name": "Derrick Clay",
      "timestamp": 1576191600
    },
    {
      "name": "Jonathan Potter",
      "timestamp": 1578006000
    },
    {
      "name": "Paula Peters",
      "timestamp": 1578265200
    },
    {
      "name": "Jennifer Lam",
      "timestamp": 1576882800
    },
    {
      "name": "Amanda Smith DDS",
      "timestamp": 1577401200
    },
    {
      "name": "Keith Parker",
      "timestamp": 1578351600
    },
    {
      "name": "Theresa Mason",
      "timestamp": 1576623600
    },
    {
      "name": "Carla Perez",
      "timestamp": 1576537200
    },
    {
      "name": "Joel Hanson",
      "timestamp": 1576882800
    },
    {
      "name": "Lindsay Walker",
      "timestamp": 1577228400
    },
    {
      "name": "Marissa Washington",
      "timestamp": 1578265200
    },
    {
      "name": "Joshua Alexander",
      "timestamp": 1578265200
    },
    {
      "name": "Manuel Cunningham",
      "timestamp": 1577746800
    },
    {
      "name": "Patricia Snyder MD",
      "timestamp": 1576105200
    },
    {
      "name": "Pamela Thompson",
      "timestamp": 1577142000
    },
    {
      "name": "Teresa Gibson",
      "timestamp": 1578351600
    },
    {
      "name": "Vincent Pacheco",
      "timestamp": 1578438000
    },
    {
      "name": "Judy Cook",
      "timestamp": 1576105200
    },
    {
      "name": "Mr. Eric Lambert",
      "timestamp": 1577228400
    },
    {
      "name": "Melinda Fowler",
      "timestamp": 1576364400
    },
    {
      "name": "Julie Mcfarland",
      "timestamp": 1576796400
    },
    {
      "name": "Adam Schultz",
      "timestamp": 1578265200
    },
    {
      "name": "Donna Aguirre",
      "timestamp": 1576105200
    },
    {
      "name": "Angel Marks",
      "timestamp": 1578092400
    },
    {
      "name": "James Smith",
      "timestamp": 1578524400
    },
    {
      "name": "James Williams",
      "timestamp": 1577055600
    },
    {
      "name": "Jessica Green",
      "timestamp": 1576623600
    },
    {
      "name": "Nicole Bauer",
      "timestamp": 1577228400
    },
    {
      "name": "Ashley Edwards",
      "timestamp": 1577919600
    },
    {
      "name": "Tamara Mcdonald",
      "timestamp": 1577314800
    },
    {
      "name": "Emily Bishop",
      "timestamp": 1576105200
    },
    {
      "name": "Michael Bryan",
      "timestamp": 1577055600
    },
    {
      "name": "Edward Yang",
      "timestamp": 1577833200
    },
    {
      "name": "Michael Green",
      "timestamp": 1576278000
    },
    {
      "name": "Jackie Brown",
      "timestamp": 1578006000
    },
    {
      "name": "Betty Webb",
      "timestamp": 1577574000
    },
    {
      "name": "Sarah Griffith",
      "timestamp": 1578351600
    },
    {
      "name": "Kimberly Roberts",
      "timestamp": 1578438000
    },
    {
      "name": "Brandon Watkins",
      "timestamp": 1576882800
    },
    {
      "name": "Jillian Brown",
      "timestamp": 1576191600
    },
    {
      "name": "Jennifer Price",
      "timestamp": 1578265200
    },
    {
      "name": "Bonnie Cooper",
      "timestamp": 1578265200
    },
    {
      "name": "Christopher Riley",
      "timestamp": 1576191600
    },
    {
      "name": "Kelly Wilson",
      "timestamp": 1576623600
    },
    {
      "name": "Ernest Hudson",
      "timestamp": 1578006000
    },
    {
      "name": "Jeffrey Ritter",
      "timestamp": 1576796400
    },
    {
      "name": "Priscilla Frye",
      "timestamp": 1577574000
    },
    {
      "name": "David Marks",
      "timestamp": 1577746800
    },
    {
      "name": "Vanessa Day",
      "timestamp": 1576278000
    },
    {
      "name": "Craig Lucero",
      "timestamp": 1577228400
    },
    {
      "name": "Mitchell Brewer MD",
      "timestamp": 1577487600
    },
    {
      "name": "Jose Pearson",
      "timestamp": 1577055600
    },
    {
      "name": "Jonathan Baird",
      "timestamp": 1577746800
    },
    {
      "name": "James Hernandez",
      "timestamp": 1578524400
    },
    {
      "name": "Anthony Nguyen",
      "timestamp": 1577401200
    },
    {
      "name": "William Mercado",
      "timestamp": 1578178800
    },
    {
      "name": "Evan Matthews",
      "timestamp": 1577660400
    },
    {
      "name": "Joseph Barber",
      "timestamp": 1578351600
    },
    {
      "name": "Amber Townsend DDS",
      "timestamp": 1577228400
    },
    {
      "name": "Rhonda Myers",
      "timestamp": 1577574000
    },
    {
      "name": "Kimberly Singh",
      "timestamp": 1577919600
    },
    {
      "name": "Katherine Jones",
      "timestamp": 1577228400
    },
    {
      "name": "Brittany Grimes",
      "timestamp": 1577228400
    },
    {
      "name": "Nathan Smith",
      "timestamp": 1576191600
    },
    {
      "name": "Terry Anderson MD",
      "timestamp": 1577919600
    },
    {
      "name": "Mr. Mark Marsh Jr.",
      "timestamp": 1578006000
    },
    {
      "name": "Monica Smith",
      "timestamp": 1576710000
    },
    {
      "name": "Margaret Harris",
      "timestamp": 1578092400
    },
    {
      "name": "Thomas Richardson",
      "timestamp": 1577919600
    },
    {
      "name": "Eric Jackson",
      "timestamp": 1576537200
    },
    {
      "name": "Robert Wilkerson",
      "timestamp": 1577574000
    },
    {
      "name": "Gary Harris",
      "timestamp": 1578092400
    },
    {
      "name": "Matthew Norris",
      "timestamp": 1576969200
    },
    {
      "name": "Julie Tucker",
      "timestamp": 1577746800
    },
    {
      "name": "Beth Clark",
      "timestamp": 1577660400
    },
    {
      "name": "James Davis",
      "timestamp": 1578524400
    },
    {
      "name": "Drew Foster",
      "timestamp": 1577401200
    },
    {
      "name": "Martha Suarez",
      "timestamp": 1577660400
    },
    {
      "name": "Natalie Cook",
      "timestamp": 1577574000
    },
    {
      "name": "Laurie Ellis",
      "timestamp": 1576969200
    },
    {
      "name": "Michelle Sanders",
      "timestamp": 1577487600
    },
    {
      "name": "Andrea Ryan",
      "timestamp": 1578351600
    },
    {
      "name": "Jeffrey Dean",
      "timestamp": 1576623600
    },
    {
      "name": "Courtney Smith",
      "timestamp": 1577833200
    },
    {
      "name": "David Johnson",
      "timestamp": 1576191600
    },
    {
      "name": "Jordan Paul",
      "timestamp": 1576710000
    },
    {
      "name": "David Quinn",
      "timestamp": 1577746800
    },
    {
      "name": "Justin Gordon",
      "timestamp": 1576623600
    },
    {
      "name": "Michael Jones",
      "timestamp": 1576969200
    },
    {
      "name": "Kaitlyn Shaw",
      "timestamp": 1577314800
    },
    {
      "name": "Amy Johnson",
      "timestamp": 1577055600
    },
    {
      "name": "Christina Thomas",
      "timestamp": 1578438000
    },
    {
      "name": "Emily Watkins",
      "timestamp": 1578006000
    },
    {
      "name": "Paul Wilson",
      "timestamp": 1577574000
    },
    {
      "name": "Jodi Newman",
      "timestamp": 1577142000
    },
    {
      "name": "Tiffany Jones",
      "timestamp": 1577919600
    },
    {
      "name": "Anna Graham",
      "timestamp": 1576191600
    },
    {
      "name": "James Farmer",
      "timestamp": 1577314800
    },
    {
      "name": "Heather Dixon",
      "timestamp": 1578524400
    },
    {
      "name": "Daniel Morse",
      "timestamp": 1577833200
    },
    {
      "name": "Shawn Bishop",
      "timestamp": 1578092400
    },
    {
      "name": "Hannah Jones",
      "timestamp": 1577746800
    },
    {
      "name": "Tracy Price",
      "timestamp": 1578524400
    },
    {
      "name": "Sean Garcia",
      "timestamp": 1576882800
    },
    {
      "name": "Stephanie Maxwell",
      "timestamp": 1576105200
    },
    {
      "name": "Mr. Kyle Robinson MD",
      "timestamp": 1576537200
    },
    {
      "name": "Elizabeth Case",
      "timestamp": 1576278000
    },
    {
      "name": "Christopher Hernandez",
      "timestamp": 1577401200
    },
    {
      "name": "Rebecca Blankenship",
      "timestamp": 1576191600
    },
    {
      "name": "Patricia Kent",
      "timestamp": 1576278000
    },
    {
      "name": "David Roy",
      "timestamp": 1576105200
    },
    {
      "name": "Pamela Chandler",
      "timestamp": 1577660400
    },
    {
      "name": "Carolyn Barajas",
      "timestamp": 1577660400
    },
    {
      "name": "Melissa Pennington",
      "timestamp": 1577314800
    },
    {
      "name": "Lori Mahoney",
      "timestamp": 1577055600
    },
    {
      "name": "Emily Johnson",
      "timestamp": 1578178800
    },
    {
      "name": "Michele Marshall",
      "timestamp": 1577055600
    },
    {
      "name": "Emily Clark",
      "timestamp": 1576105200
    },
    {
      "name": "Anita Stokes",
      "timestamp": 1578351600
    },
    {
      "name": "Andrew Krause",
      "timestamp": 1576191600
    },
    {
      "name": "Christine Kelly",
      "timestamp": 1577660400
    },
    {
      "name": "Robert Leon",
      "timestamp": 1578092400
    },
    {
      "name": "Kevin Smith",
      "timestamp": 1576537200
    },
    {
      "name": "Kenneth Marshall",
      "timestamp": 1577919600
    },
    {
      "name": "Samuel Thompson",
      "timestamp": 1576796400
    },
    {
      "name": "Charles Wilson",
      "timestamp": 1577574000
    },
    {
      "name": "Candace Smith",
      "timestamp": 1576882800
    },
    {
      "name": "Laura Young",
      "timestamp": 1576278000
    },
    {
      "name": "Joseph Miller",
      "timestamp": 1577142000
    },
    {
      "name": "Michael Pace Jr.",
      "timestamp": 1577055600
    },
    {
      "name": "Jonathan Fletcher",
      "timestamp": 1577228400
    },
    {
      "name": "Crystal Torres",
      "timestamp": 1578265200
    },
    {
      "name": "Alexis Alexander",
      "timestamp": 1577314800
    },
    {
      "name": "Sarah Coleman",
      "timestamp": 1577314800
    },
    {
      "name": "Courtney Brown",
      "timestamp": 1576191600
    },
    {
      "name": "Christopher Miller",
      "timestamp": 1578524400
    },
    {
      "name": "Sonya Brewer",
      "timestamp": 1578438000
    },
    {
      "name": "Angela Page",
      "timestamp": 1577314800
    },
    {
      "name": "Spencer Knight",
      "timestamp": 1577574000
    },
    {
      "name": "Theresa Mcclure",
      "timestamp": 1578265200
    },
    {
      "name": "Dominique Ramos",
      "timestamp": 1577574000
    },
    {
      "name": "Robin Mason",
      "timestamp": 1576882800
    },
    {
      "name": "Dawn Salazar",
      "timestamp": 1578438000
    },
    {
      "name": "Nancy Kent",
      "timestamp": 1576969200
    },
    {
      "name": "Carlos Simmons",
      "timestamp": 1577833200
    },
    {
      "name": "Diana Wyatt",
      "timestamp": 1578438000
    },
    {
      "name": "Douglas Tapia",
      "timestamp": 1577574000
    },
    {
      "name": "Todd Peters",
      "timestamp": 1576364400
    },
    {
      "name": "Dr. Traci Webster PhD",
      "timestamp": 1577574000
    },
    {
      "name": "Kelly Hardin",
      "timestamp": 1577574000
    },
    {
      "name": "Lauren Allen",
      "timestamp": 1577574000
    },
    {
      "name": "Jennifer Brown",
      "timestamp": 1577919600
    },
    {
      "name": "Blake French",
      "timestamp": 1578178800
    },
    {
      "name": "Alex Scott",
      "timestamp": 1577142000
    },
    {
      "name": "Eugene Webb",
      "timestamp": 1578438000
    },
    {
      "name": "Mr. Jason Wong",
      "timestamp": 1576105200
    },
    {
      "name": "Sara Williams",
      "timestamp": 1576796400,
      "contact_info": "leslie56@yahoo.com"
    },
    {
      "name": "Christopher Lewis",
      "timestamp": 1578006000
    },
    {
      "name": "Mr. Albert Thomas",
      "timestamp": 1577919600
    },
    {
      "name": "Shelly Mccoy",
      "timestamp": 1576882800
    },
    {
      "name": "Andrea Larsen",
      "timestamp": 1577142000
    },
    {
      "name": "Joseph Parrish",
      "timestamp": 1576191600
    },
    {
      "name": "Joan Elliott",
      "timestamp": 1578351600
    },
    {
      "name": "Jacob Koch",
      "timestamp": 1576537200
    },
    {
      "name": "Jeffrey Butler",
      "timestamp": 1577142000
    },
    {
      "name": "Nina Morrison",
      "timestamp": 1576278000
    },
    {
      "name": "Matthew Green",
      "timestamp": 1577574000
    },
    {
      "name": "Madeline Taylor",
      "timestamp": 1576191600
    },
    {
      "name": "Michael Richards",
      "timestamp": 1578178800
    },
    {
      "name": "Kimberly Cardenas",
      "timestamp": 1578178800
    },
    {
      "name": "Vanessa Alexander",
      "timestamp": 1576450800,
      "contact_info": "cheryl94@hotmail.com"
    },
    {
      "name": "Jeffrey Summers",
      "timestamp": 1577314800
    },
    {
      "name": "Julie Medina",
      "timestamp": 1578351600
    },
    {
      "name": "April King",
      "timestamp": 1576710000
    },
    {
      "name": "Zachary Lang",
      "timestamp": 1577833200
    },
    {
      "name": "Julie Wright",
      "timestamp": 1578178800
    },
    {
      "name": "Jill Hester",
      "timestamp": 1576278000
    },
    {
      "name": "Nicole Thompson",
      "timestamp": 1578351600
    },
    {
      "name": "Adam Smith",
      "timestamp": 1578265200
    },
    {
      "name": "John Ramirez",
      "timestamp": 1577314800
    },
    {
      "name": "Jerry Barnes",
      "timestamp": 1576278000
    },
    {
      "name": "Mary Brown",
      "timestamp": 1576623600
    },
    {
      "name": "Elaine Todd",
      "timestamp": 1578438000
    },
    {
      "name": "Holly Wilkinson",
      "timestamp": 1576969200
    },
    {
      "name": "Dr. Sara Graham",
      "timestamp": 1576450800
    },
    {
      "name": "Rachel Reeves",
      "timestamp": 1577487600
    },
    {
      "name": "Benjamin Bell",
      "timestamp": 1576278000
    },
    {
      "name": "Jennifer Allen",
      "timestamp": 1578006000
    },
    {
      "name": "Rachael Johnson",
      "timestamp": 1577660400
    },
    {
      "name": "Dr. Martin Howard",
      "timestamp": 1578178800
    },
    {
      "name": "Brooke Wu",
      "timestamp": 1576882800
    },
    {
      "name": "Nancy Henderson",
      "timestamp": 1576969200
    },
    {
      "name": "Jeffrey Hensley",
      "timestamp": 1577574000
    },
    {
      "name": "Cynthia Freeman",
      "timestamp": 1578524400
    },
    {
      "name": "Corey Fletcher",
      "timestamp": 1576450800
    },
    {
      "name": "Eric Sampson",
      "timestamp": 1576191600
    },
    {
      "name": "Wanda Higgins",
      "timestamp": 1578351600
    }
  ]
}