{
  "received_requests": [
    {
      "name": "Allison Wilson",
      "timestamp": 1577487600
    },
    {
      "name": "Kerry Frank",
      "timestamp": 1576796400
    },
    {
      "name": "Pamela Green",
      "timestamp": 1578006000
    },
    {
      "name": "Jessica Gibson PhD",
      "timestamp": 1577746800
    },
    {
      "name": "Justin Weber",
      "timestamp": 1576882800
    },
    {
      "name": "Michele Rivera",
      "timestamp": 1577746800
    },
    {
      "name": "Marcus Gonzalez",
      "timestamp": 1577055600
    },
    {
      "name": "Maria Hall",
      "timestamp": 1578524400
    },
    {
      "name": "Steven Clarke",
      "timestamp": 1576278000
    },
    {
      "name": "Sharon Elliott",
      "timestamp": 1578438000
    },
    {
      "name": "Bonnie Crawford",
      "timestamp": 1577746800
    },
    {
      "name": "Angela Kent",
      "timestamp": 1577919600
    },
    {
      "name": "Danny Gill",
      "timestamp": 1576364400
    },
    {
      "name": "Krista Melton",
      "timestamp": 1577401200
    },
    {
      "name": "Rachel Garcia",
      "timestamp": 1576191600
    },
    {
      "name": "Joseph Terrell",
      "timestamp": 1577314800
    },
    {
      "name": "Allison Barker",
      "timestamp": 1576364400
    }
  ]
}