{
  "deleted_friends": [
    {
      "name": "Bernard Mcdonald DDS",
      "timestamp": 1578524400
    },
    {
      "name": "Angela Hopkins",
      "timestamp": 1577574000
    },
    {
      "name": "Vincent Lang",
      "timestamp": 1577487600
    },
    {
      "name": "Kyle Williams",
      "timestamp": 1577401200
    },
    {
      "name": "Sheri Lowe",
      "timestamp": 1578265200
    },
    {
      "name": "Joseph Ponce",
      "timestamp": 1578178800
    },
    {
      "name": "Ronnie Rivera",
      "timestamp": 1576796400
    },
    {
      "name": "Angela Walker",
      "timestamp": 1576623600
    },
    {
      "name": "Antonio Martinez",
      "timestamp": 1576882800
    },
    {
      "name": "Matthew Jackson",
      "timestamp": 1577314800
    },
    {
      "name": "Stephanie Jones",
      "timestamp": 1576796400
    },
    {
      "name": "Jacqueline Harris",
      "timestamp": 1577919600
    },
    {
      "name": "Bryan Spence",
      "timestamp": 1576450800
    },
    {
      "name": "Kyle Williams",
      "timestamp": 1577401200
    },
    {
      "name": "Dr. Samantha Martin",
      "timestamp": 1578178800
    },
    {
      "name": "Michelle Morrison",
      "timestamp": 1578438000
    },
    {
      "name": "Caitlin Mcdonald",
      "timestamp": 1576710000
    },
    {
      "name": "Jennifer Stevens",
      "timestamp": 1576191600
    },
    {
      "name": "Diana Flores",
      "timestamp": 1577574000
    },
    {
      "name": "Randy Fuller",
      "timestamp": 1576278000
    },
    {
      "name": "Chelsea Mclaughlin",
      "timestamp": 1578351600
    },
    {
      "name": "Mary Yu",
      "timestamp": 1577142000
    },
    {
      "name": "Monica Hill",
      "timestamp": 1576882800
    },
    {
      "name": "Mary Turner",
      "timestamp": 1577660400
    },
    {
      "name": "Jason Coleman",
      "timestamp": 1576710000
    },
    {
      "name": "Kristina Vance",
      "timestamp": 1578178800
    },
    {
      "name": "Stephen French",
      "timestamp": 1576969200
    },
    {
      "name": "Karl Hale",
      "timestamp": 1577401200
    },
    {
      "name": "Carol Williamson",
      "timestamp": 1577401200
    },
    {
      "name": "Michael Everett",
      "timestamp": 1576278000
    },
    {
      "name": "Calvin Miller",
      "timestamp": 1576191600
    },
    {
      "name": "Tina Wagner",
      "timestamp": 1576710000
    },
    {
      "name": "Richard Snow",
      "timestamp": 1578006000
    },
    {
      "name": "John Martin",
      "timestamp": 1578524400
    },
    {
      "name": "Sergio Carter",
      "timestamp": 1577401200
    },
    {
      "name": "Jennifer Mendez",
      "timestamp": 1576796400
    },
    {
      "name": "Heidi Meyer",
      "timestamp": 1577142000
    },
    {
      "name": "Mr. Colton Mills",
      "timestamp": 1578524400
    },
    {
      "name": "Glenn Holder",
      "timestamp": 1578178800
    },
    {
      "name": "Aaron Rose",
      "timestamp": 1578092400
    },
    {
      "name": "Jessica Callahan",
      "timestamp": 1576537200
    },
    {
      "name": "Jonathan Vega",
      "timestamp": 1578178800
    },
    {
      "name": "Robert Davidson",
      "timestamp": 1578351600
    },
    {
      "name": "Betty Johnson",
      "timestamp": 1576278000
    },
    {
      "name": "Kim Jensen",
      "timestamp": 1577401200
    },
    {
      "name": "Kyle Foster",
      "timestamp": 1576105200
    },
    {
      "name": "Christy Allen",
      "timestamp": 1578178800
    },
    {
      "name": "Katie Howe",
      "timestamp": 1577055600
    },
    {
      "name": "Jenny Castro",
      "timestamp": 1578092400
    },
    {
      "name": "Jack Ortiz",
      "timestamp": 1577228400
    },
    {
      "name": "Casey Whitaker",
      "timestamp": 1578351600
    },
    {
      "name": "Kimberly Brown",
      "timestamp": 1577055600
    },
    {
      "name": "Kristen Trujillo",
      "timestamp": 1578438000
    },
    {
      "name": "Veronica Arnold",
      "timestamp": 1576105200
    },
    {
      "name": "Diane Zhang",
      "timestamp": 1576191600
    },
    {
      "name": "Sarah Ramirez",
      "timestamp": 1576364400
    },
    {
      "name": "Ian Jimenez",
      "timestamp": 1576191600
    },
    {
      "name": "Robert Donovan",
      "timestamp": 1578438000
    },
    {
      "name": "Jennifer Matthews",
      "timestamp": 1576882800
    },
    {
      "name": "Richard Harrison",
      "timestamp": 1578265200
    },
    {
      "name": "Megan Shea",
      "timestamp": 1576537200
    },
    {
      "name": "Nancy Ortiz",
      "timestamp": 1576364400
    },
    {
      "name": "Jeffrey Lopez",
      "timestamp": 1577142000
    },
    {
      "name": "Robert Mccormick",
      "timestamp": 1578092400
    },
    {
      "name": "David White",
      "timestamp": 1577055600
    },
    {
      "name": "Diane Jensen",
      "timestamp": 1576969200
    },
    {
      "name": "Eric Fleming",
      "timestamp": 1578092400
    },
    {
      "name": "Jason Carroll",
      "timestamp": 1576450800
    },
    {
      "name": "Luis Larson",
      "timestamp": 1576969200
    },
    {
      "name": "Jon Reynolds",
      "timestamp": 1577919600
    },
    {
      "name": "David Johnson",
      "timestamp": 1576710000
    },
    {
      "name": "Amanda Key",
      "timestamp": 1578178800
    },
    {
      "name": "Stacey Davis",
      "timestamp": 1576278000
    },
    {
      "name": "Mark Wells",
      "timestamp": 1578524400
    },
    {
      "name": "Melissa Castillo",
      "timestamp": 1578092400
    },
    {
      "name": "Caitlyn Todd",
      "timestamp": 1577574000
    },
    {
      "name": "Katherine Booth",
      "timestamp": 1576105200
    },
    {
      "name": "Jason Richardson",
      "timestamp": 1576537200
    },
    {
      "name": "Sean Mathis",
      "timestamp": 1577746800
    },
    {
      "name": "Heather Hogan",
      "timestamp": 1576623600
    },
    {
      "name": "Jessica Morris",
      "timestamp": 1576882800
    },
    {
      "name": "Gary Blair",
      "timestamp": 1576882800
    },
    {
      "name": "Mary Lynch",
      "timestamp": 1576191600
    },
    {
      "name": "Ruben Brown",
      "timestamp": 1578438000
    },
    {
      "name": "Jordan Whitaker",
      "timestamp": 1577228400
    },
    {
      "name": "Steve Escobar",
      "timestamp": 1576882800
    },
    {
      "name": "Cynthia Robinson",
      "timestamp": 1577919600
    },
    {
      "name": "Martin Mann",
      "timestamp": 1577919600
    },
    {
      "name": "Brenda Montgomery",
      "timestamp": 1576537200
    },
    {
      "name": "Mark Diaz",
      "timestamp": 1578178800
    },
    {
      "name": "Nicholas Watkins",
      "timestamp": 1576969200
    },
    {
      "name": "Thomas Lawrence",
      "timestamp": 1577833200
    },
    {
      "name": "Priscilla Olson",
      "timestamp": 1576364400
    },
    {
      "name": "Angela Harris",
      "timestamp": 1577314800
    },
    {
      "name": "Michael Smith",
      "timestamp": 1577746800
    },
    {
      "name": "Dr. Olivia Sanchez",
      "timestamp": 1576882800
    },
    {
      "name": "Jeremy Walker",
      "timestamp": 1577314800
    },
    {
      "name": "Candice Abbott",
      "timestamp": 1578178800
    },
    {
      "name": "Juan Brown",
      "timestamp": 1577746800
    },
    {
      "name": "James Peterson",
      "timestamp": 1576450800
    },
    {
      "name": "Tiffany Sanders",
      "timestamp": 1576710000
    },
    {
      "name": "Crystal Johnson",
      "timestamp": 1576537200
    },
    {
      "name": "Jose Smith",
      "timestamp": 1576623600
    },
    {
      "name": "Cassandra Braun",
      "timestamp": 1576537200
    },
    {
      "name": "Derek Cook",
      "timestamp": 1576450800
    },
    {
      "name": "Mark Rubio",
      "timestamp": 1578178800
    },
    {
      "name": "Courtney Carter",
      "timestamp": 1576450800
    },
    {
      "name": "Mark Hogan",
      "timestamp": 1577228400
    },
    {
      "name": "Nancy Thomas",
      "timestamp": 1577919600
    },
    {
      "name": "Joshua Chavez",
      "timestamp": 1577833200
    },
    {
      "name": "Elizabeth Mercer",
      "timestamp": 1578092400
    },
    {
      "name": "Richard Porter",
      "timestamp": 1578265200
    },
    {
      "name": "Todd Gilmore",
      "timestamp": 1576278000
    },
    {
      "name": "Fernando Craig",
      "timestamp": 1577746800
    },
    {
      "name": "Sarah Patrick",
      "timestamp": 1578524400
    },
    {
      "name": "Ashley Bates",
      "timestamp": 1577660400
    },
    {
      "name": "Jeremy Frost",
      "timestamp": 1577833200
    },
    {
      "name": "Theresa Turner",
      "timestamp": 1577746800
    },
    {
      "name": "Michael Adams",
      "timestamp": 1578265200
    },
    {
      "name": "Anthony Rodriguez",
      "timestamp": 1578438000
    },
    {
      "name": "Holly King",
      "timestamp": 1576105200
    },
    {
      "name": "Stacy Garcia",
      "timestamp": 1577660400
    },
    {
      "name": "Rachel Murray",
      "timestamp": 1577833200
    },
    {
      "name": "Mr. Michael Mitchell III",
      "timestamp": 1578438000
    },
    {
      "name": "Seth Clark",
      "timestamp": 1577487600
    },
    {
      "name": "Jesse Harper",
      "timestamp": 1578524400
    },
    {
      "name": "Michael Phillips",
      "timestamp": 1576969200
    },
    {
      "name": "Antonio Webster",
      "timestamp": 1578524400
    },
    {
      "name": "Trevor Ayala",
      "timestamp": 1577746800
    },
    {
      "name": "James Marshall",
      "timestamp": 1577660400
    },
    {
      "name": "Allen Kerr",
      "timestamp": 1577660400
    },
    {
      "name": "Martha Brown",
      "timestamp": 1578092400
    },
    {
      "name": "Richard Ramsey",
      "timestamp": 1577746800
    },
    {
      "name": "Kelly Harmon",
      "timestamp": 1577574000
    },
    {
      "name": "Lindsay Wright",
      "timestamp": 1577574000
    },
    {
      "name": "Christopher Baxter",
      "timestamp": 1577055600
    },
    {
      "name": "Christopher Snyder",
      "timestamp": 1576969200
    },
    {
      "name": "Laura Lynch",
      "timestamp": 1576450800
    },
    {
      "name": "Monica Cortez",
      "timestamp": 1577919600
    },
    {
      "name": "Jill Nguyen",
      "timestamp": 1576105200
    },
    {
      "name": "Hannah Jenkins",
      "timestamp": 1576537200
    },
    {
      "name": "Sergio Kelly",
      "timestamp": 1576105200
    },
    {
      "name": "Johnathan Barnes",
      "timestamp": 1576882800
    },
    {
      "name": "Amy Hernandez",
      "timestamp": 1576278000
    },
    {
      "name": "Christy Russell",
      "timestamp": 1577833200
    },
    {
      "name": "Jeffrey Alvarado",
      "timestamp": 1577833200
    },
    {
      "name": "Erin Lee",
      "timestamp": 1576364400
    },
    {
      "name": "Bridget Oliver",
      "timestamp": 1578524400
    },
    {
      "name": "Joshua Haynes",
      "timestamp": 1577142000
    },
    {
      "name": "David Walker",
      "timestamp": 1577746800
    },
    {
      "name": "Derrick Barajas",
      "timestamp": 1577746800
    },
    {
      "name": "Michael Castillo",
      "timestamp": 1576796400
    },
    {
      "name": "Steven Wallace",
      "timestamp": 1576278000
    },
    {
      "name": "Thomas Perez",
      "timestamp": 1577055600
    },
    {
      "name": "Anthony Michael Jr.",
      "timestamp": 1576969200
    },
    {
      "name": "David Contreras",
      "timestamp": 1576796400
    },
    {
      "name": "William Nolan",
      "timestamp": 1577487600
    },
    {
      "name": "Emily Tran",
      "timestamp": 1577833200
    },
    {
      "name": "Kevin Reeves",
      "timestamp": 1578351600
    },
    {
      "name": "Tanner Jones",
      "timestamp": 1577660400
    },
    {
      "name": "Heather Trevino",
      "timestamp": 1578265200
    },
    {
      "name": "Scott Hernandez",
      "timestamp": 1576105200
    },
    {
      "name": "Jennifer Blake",
      "timestamp": 1576710000
    },
    {
      "name": "Cynthia Lewis",
      "timestamp": 1576796400
    },
    {
      "name": "Terri Long",
      "timestamp": 1576450800
    },
    {
      "name": "Amy Underwood",
      "timestamp": 1578524400
    },
    {
      "name": "Shelly Skinner",
      "timestamp": 1578438000
    },
    {
      "name": "Gary Mcbride",
      "timestamp": 1577574000
    },
    {
      "name": "Candice Miller",
      "timestamp": 1576882800
    },
    {
      "name": "Nichole Byrd",
      "timestamp": 1576969200
    },
    {
      "name": "Joel Alvarado",
      "timestamp": 1576364400
    },
    {
      "name": "Whitney Hughes",
      "timestamp": 1576105200
    },
    {
      "name": "William Martin",
      "timestamp": 1576537200
    },
    {
      "name": "Selena Johnson",
      "timestamp": 1578524400
    },
    {
      "name": "Timothy Ayers",
      "timestamp": 1577055600
    },
    {
      "name": "Mr. Gregory Holloway Jr.",
      "timestamp": 1577574000
    },
    {
      "name": "Elizabeth Kaiser",
      "timestamp": 1578178800
    },
    {
      "name": "Zachary Rogers",
      "timestamp": 1577746800
    },
    {
      "name": "Andre Moreno",
      "timestamp": 1577833200
    },
    {
      "name": "Brian Ward",
      "timestamp": 1576191600
    },
    {
      "name": "Joseph Edwards",
      "timestamp": 1578178800
    },
    {
      "name": "Evan Gonzalez",
      "timestamp": 1578178800
    },
    {
      "name": "Alexis Alexander",
      "timestamp": 1577746800
    },
    {
      "name": "James Shepard",
      "timestamp": 1577833200
    },
    {
      "name": "James Turner",
      "timestamp": 1578006000
    },
    {
      "name": "John Collins",
      "timestamp": 1578351600
    },
    {
      "name": "Samuel Williams",
      "timestamp": 1577746800
    },
    {
      "name": "Miss Sarah Haney",
      "timestamp": 1576623600
    },
    {
      "name": "Jeffrey Gonzales",
      "timestamp": 1577919600
    },
    {
      "name": "Brooke Hopkins",
      "timestamp": 1577833200
    },
    {
      "name": "Calvin Brown",
      "timestamp": 1577746800
    },
    {
      "name": "Jodi Jordan",
      "timestamp": 1577314800
    },
    {
      "name": "Roberta Simmons",
      "timestamp": 1577142000
    },
    {
      "name": "Brian Newman",
      "timestamp": 1578265200
    },
    {
      "name": "William Myers",
      "timestamp": 1578351600
    },
    {
      "name": "Matthew Johnson",
      "timestamp": 1578178800
    },
    {
      "name": "Lisa Butler",
      "timestamp": 1577314800
    },
    {
      "name": "Keith Santiago",
      "timestamp": 1576796400
    },
    {
      "name": "Madison Bartlett",
      "timestamp": 1576710000
    },
    {
      "name": "Alex Davenport",
      "timestamp": 1576623600
    },
    {
      "name": "Patricia Bowen",
      "timestamp": 1577660400
    },
    {
      "name": "Yolanda Hamilton",
      "timestamp": 1576450800
    },
    {
      "name": "Martin Haynes",
      "timestamp": 1577228400
    },
    {
      "name": "Joseph Newton",
      "timestamp": 1577746800
    },
    {
      "name": "Brett Webster",
      "timestamp": 1576105200
    },
    {
      "name": "Amanda Johnson",
      "timestamp": 1578438000
    },
    {
      "name": "Ray Anderson",
      "timestamp": 1577142000
    },
    {
      "name": "Jennifer Winters",
      "timestamp": 1576105200
    },
    {
      "name": "Stephen Campbell",
      "timestamp": 1578092400
    },
    {
      "name": "Mr. Kevin Hanson",
      "timestamp": 1577487600
    },
    {
      "name": "Samantha Hernandez",
      "timestamp": 1577401200
    },
    {
      "name": "Brenda Bradford",
      "timestamp": 1577055600
    },
    {
      "name": "Justin Adams",
      "timestamp": 1577401200
    },
    {
      "name": "Kenneth Paul",
      "timestamp": 1578092400
    },
    {
      "name": "Joshua Smith",
      "timestamp": 1576364400
    },
    {
      "name": "Tamara Gibbs",
      "timestamp": 1578006000
    },
    {
      "name": "Michael Adkins",
      "timestamp": 1578006000
    },
    {
      "name": "Brenda Graham",
      "timestamp": 1577055600
    },
    {
      "name": "Bailey Delgado",
      "timestamp": 1577314800
    },
    {
      "name": "Anita Campos",
      "timestamp": 1578006000
    },
    {
      "name": "Patricia Cole",
      "timestamp": 1578351600
    },
    {
      "name": "Jennifer Johnson",
      "timestamp": 1578006000
    },
    {
      "name": "Andre Rivera",
      "timestamp": 1577055600
    },
    {
      "name": "George Moss",
      "timestamp": 1578351600
    },
    {
      "name": "John Dixon",
      "timestamp": 1576105200
    },
    {
      "name": "Paul Rodriguez",
      "timestamp": 1576364400
    },
    {
      "name": "Jerry Cruz",
      "timestamp": 1576278000
    },
    {
      "name": "Harry Phillips",
      "timestamp": 1577055600
    },
    {
      "name": "Cody Malone",
      "timestamp": 1578438000
    },
    {
      "name": "Christina Powell",
      "timestamp": 1577055600
    },
    {
      "name": "Leroy Garcia",
      "timestamp": 1577833200
    },
    {
      "name": "Kelly Silva",
      "timestamp": 1578006000
    },
    {
      "name": "Nicholas Schneider",
      "timestamp": 1578524400
    },
    {
      "name": "Ann Fisher",
      "timestamp": 1576796400
    },
    {
      "name": "Kathryn Calderon",
      "timestamp": 1577401200
    },
    {
      "name": "John Macias",
      "timestamp": 1577228400
    },
    {
      "name": "Wendy Willis",
      "timestamp": 1577314800
    },
    {
      "name": "Robin Sharp",
      "timestamp": 1578006000
    },
    {
      "name": "Andrew Mcdonald",
      "timestamp": 1576796400
    },
    {
      "name": "Kelsey Blake",
      "timestamp": 1576882800
    },
    {
      "name": "Sarah Hunter",
      "timestamp": 1578524400
    },
    {
      "name": "David Boyd",
      "timestamp": 1578524400
    },
    {
      "name": "Ryan Bishop Jr.",
      "timestamp": 1577487600
    },
    {
      "name": "Teresa Lewis",
      "timestamp": 1576796400
    },
    {
      "name": "Curtis Ramirez",
      "timestamp": 1576537200
    },
    {
      "name": "Danielle Miller",
      "timestamp": 1578524400
    },
    {
      "name": "Angela Rivera",
      "timestamp": 1577487600
    },
    {
      "name": "Kristina Smith",
      "timestamp": 1577919600
    },
    {
      "name": "Andrew Pacheco",
      "timestamp": 1578438000
    }
  ]
}