{
  "sent_requests": [
    {
      "name": "Walter Stewart",
      "timestamp": 1576537200
    },
    {
      "name": "Kelsey Lozano",
      "timestamp": 1577142000
    },
    {
      "name": "Christopher Moon",
      "timestamp": 1577401200
    },
    {
      "name": "Kristen Garcia",
      "timestamp": 1577660400
    },
    {
      "name": "Brenda Garcia",
      "timestamp": 1576710000
    },
    {
      "name": "Brian Stone",
      "timestamp": 1576191600
    },
    {
      "name": "Robert Braun",
      "timestamp": 1576191600
    },
    {
      "name": "Craig Roth",
      "timestamp": 1576710000
    },
    {
      "name": "Robert Smith",
      "timestamp": 1576450800
    },
    {
      "name": "Cory Wright",
      "timestamp": 1577401200
    }
  ]
}