{
  "playlists": [
    {
      "name": "Radio-Favoriten",
      "lastModifiedDate": "2018-09-13",
      "items": [
        {
          "track": {
            "trackName": "Hey Ho On The Devil's Back",
            "artistName": "Katzenjammer",
            "albumName": "Le Pop (intl edt)"
          },
          "episode": null,
          "localTrack": null
        },
        {
          "track": {
            "trackName": "Pirates",
            "artistName": "Caravan Palace",
            "albumName": "Panic"
          },
          "episode": null,
          "localTrack": null
        },
        {
          "track": {
            "trackName": "I've got that tune",
            "artistName": "Chinese Man",
            "albumName": "Groove Sessions"
          },
          "episode": null,
          "localTrack": null
        },
        {
          "track": {
            "trackName": "Down The Road",
            "artistName": "C2C",
            "albumName": "Tetra"
          },
          "episode": null,
          "localTrack": null
        }
      ],
      "description": null,
      "numberOfFollowers": 0
    },
    {
      "name": "Windows Media Player",
      "lastModifiedDate": "2015-02-26",
      "items": [
      ],
      "description": null,
      "numberOfFollowers": 0
    }
  ]
}