[
  {
    "platform" : "DESKTOP",
    "searchTime" : "2020-01-11T01:04:02.505Z[UTC]",
    "searchQuery" : "parsifal",
    "searchInteractionURIs" : [
      "spotify:track:0vui0cRT6mblcztK5Gb8d4"
    ]
  },
  {
    "platform" : "DESKTOP",
    "searchTime" : "2020-01-11T01:04:12.791Z[UTC]",
    "searchQuery" : "parsifal abbado",
    "searchInteractionURIs" : [
      "spotify:playlist:5QO610SMKpw76V4kEXziFH"
    ]
  },
  {
    "platform" : "DESKTOP",
    "searchTime" : "2020-01-11T01:04:37.664Z[UTC]",
    "searchQuery" : "parsifal glockw",
    "searchInteractionURIs" : [
      "spotify:track:0TyOmCotGRphgS6k4A5YDM"
    ]
  },
  {
    "platform" : "DESKTOP",
    "searchTime" : "2020-02-14T23:51:07.057Z[UTC]",
    "searchQuery" : "batiashvili",
    "searchInteractionURIs" : [
      "spotify:artist:7nstqHP5wRNlaUeSByC86I"
    ]
  },
  {
    "platform" : "DESKTOP",
    "searchTime" : "2020-02-14T23:51:11.640Z[UTC]",
    "searchQuery" : "batiashvili dvorak",
    "searchInteractionURIs" : [
      "spotify:search:batiashvili%20dvorak:tracks"
    ]
  }
]
