[
  {
    "endTime" : "2019-02-28 18:00",
    "artistName" : "Caravan Palace",
    "trackName" : "Miracle",
    "msPlayed" : 211690
  },
  {
    "endTime" : "2019-03-12 16:30",
    "artistName" : "Roger Willemsen",
    "trackName" : "Deutschlandreise, Teil 1",
    "msPlayed" : 11611
  },
  {
    "endTime" : "2019-03-18 17:46",
    "artistName" : "Gazzo",
    "trackName" : "Waterfall",
    "msPlayed" : 46366
  },
  {
    "endTime" : "2019-03-18 17:50",
    "artistName" : "Voodoo Jürgens",
    "trackName" : "Heite grob ma Tote aus",
    "msPlayed" : 256933
  },
  {
    "endTime" : "2019-03-18 17:54",
    "artistName" : "Infadels",
    "trackName" : "Love Like Semtex",
    "msPlayed" : 227277
  },
  {
    "endTime" : "2019-03-18 17:58",
    "artistName" : "Squirrel Nut Zippers",
    "trackName" : "Ghost Of Stephen Foster",
    "msPlayed" : 217942
  },
  {
    "endTime" : "2019-05-08 17:35",
    "artistName" : "Sergey Shnurov",
    "trackName" : "Super good",
    "msPlayed" : 0
  },
  {
    "endTime" : "2019-05-08 17:35",
    "artistName" : "Smokey Joe & The Kid",
    "trackName" : "Jailhouse Blues",
    "msPlayed" : 216000
  },
  {
    "endTime" : "2019-05-08 17:39",
    "artistName" : "Smokey Joe & The Kid",
    "trackName" : "Smokid Inc.",
    "msPlayed" : 244109
  },
  {
    "endTime" : "2019-05-08 17:43",
    "artistName" : "Smokey Joe & The Kid",
    "trackName" : "Mister Nice Guy",
    "msPlayed" : 206857
  },
  {
    "endTime" : "2019-05-08 17:46",
    "artistName" : "Smokey Joe & The Kid",
    "trackName" : "Somehow",
    "msPlayed" : 193571
  },
  {
    "endTime" : "2019-05-08 17:47",
    "artistName" : "Smokey Joe & The Kid",
    "trackName" : "Smokid Inc.",
    "msPlayed" : 12205
  },
  {
    "endTime" : "2019-05-08 17:50",
    "artistName" : "Waxx",
    "trackName" : "Turn Up",
    "msPlayed" : 197152
  },
  {
    "endTime" : "2019-05-08 17:50",
    "artistName" : "Antonín Dvořák",
    "trackName" : "Piano Quintet in A, Op.5: 1. Allegro ma non troppo",
    "msPlayed" : 1679
  },
  {
    "endTime" : "2019-05-08 17:55",
    "artistName" : "Jojo Mayer",
    "trackName" : "Loot",
    "msPlayed" : 303960
  },
  {
    "endTime" : "2019-05-08 18:33",
    "artistName" : "Smokey Joe & The Kid",
    "trackName" : "Jailhouse Blues",
    "msPlayed" : 1506
  },
  {
    "endTime" : "2019-05-08 18:43",
    "artistName" : "Daft Punk",
    "trackName" : "Prime Time Of Your Life / Brainwasher /Rollin 'and Scratchin' / Alive",
    "msPlayed" : 610374
  },
  {
    "endTime" : "2019-06-25 15:06",
    "artistName" : "Edward Elgar",
    "trackName" : "The Wand of Youth, Suite No. 2, Op. 1b: VI. The Wild Bears",
    "msPlayed" : 2698
  },
  {
    "endTime" : "2019-06-25 15:07",
    "artistName" : "Edward Elgar",
    "trackName" : "The Wand of Youth Suite No. 2, Op. 1b: VI. The Wild Bears",
    "msPlayed" : 3631
  },
  {
    "endTime" : "2019-06-25 15:07",
    "artistName" : "Edward Elgar",
    "trackName" : "The Wand of Youth - Suite No. 2 Op. 1b: VI. The Wild Bears (Presto)",
    "msPlayed" : 2857
  },
  {
    "endTime" : "2019-06-25 15:07",
    "artistName" : "Edward Elgar",
    "trackName" : "Elgar: The Wand of Youth, Suite No. 2, Op. 1b: VI. The Wild Bears (Presto)",
    "msPlayed" : 5143
  },
  {
    "endTime" : "2019-06-25 15:09",
    "artistName" : "Edward Elgar",
    "trackName" : "The Wand of Youth, Suite No.2 Op.1b: 6. The Wild Bears",
    "msPlayed" : 133666
  },
  {
    "endTime" : "2019-06-25 15:10",
    "artistName" : "Edward Elgar",
    "trackName" : "The Wand of Youth, Suite No. 2, Op. 1b: V. The Tame Bear",
    "msPlayed" : 2053
  },
  {
    "endTime" : "2019-06-25 15:13",
    "artistName" : "Edward Elgar",
    "trackName" : "The Wand of Youth Suite No. 2, Op. 1b: VI. The Wild Bears",
    "msPlayed" : 147866
  },
  {
    "endTime" : "2019-07-21 21:07",
    "artistName" : "Benny Goodman",
    "trackName" : "I Got Rhythm - Live",
    "msPlayed" : 14254
  },
  {
    "endTime" : "2019-07-21 21:19",
    "artistName" : "George Gershwin",
    "trackName" : "I Got Rhythm",
    "msPlayed" : 148537
  },
  {
    "endTime" : "2020-01-11 01:05",
    "artistName" : "Richard Wagner",
    "trackName" : "Parsifal, WWV 111 - Suite: Compiled By Claudio Abbado: Breit (ciff. 287)",
    "msPlayed" : 16289
  },
  {
    "endTime" : "2020-01-11 01:07",
    "artistName" : "Richard Wagner",
    "trackName" : "Parsifal, WWV 111 - Suite: Compiled By Claudio Abbado: Langsam - Glockengeläute",
    "msPlayed" : 116395
  }
]
