{
  "tracks": [
    {
      "artist": "Parov Stelar",
      "album": "Clap Your Hands",
      "track": "The Duke"
    },
    {
      "artist": "Alexander Borodin",
      "album": "Brahms: Hungarian Dances Nos. 5 & 6 - Liszt: Les Préludes; Hungarian Rhapsodies Nos. 1 & 4 - Enescu: Romanian Rhapsody No. 1",
      "track": "Prince Igor: Polovtsian Dances: Allegro vivo"
    },
    {
      "artist": "Alle Farben",
      "album": "She Moves",
      "track": "She Moves"
    },
    {
      "artist": "Franz Liszt",
      "album": "Brahms: Hungarian Dances Nos. 5 & 6 - Liszt: Les Préludes; Hungarian Rhapsodies Nos. 1 & 4 - Enescu: Romanian Rhapsody No. 1",
      "track": "6 Hungarian Rhapsodies, S. 359: No. 1 in F Minor"
    },
    {
      "artist": "Franz Schubert",
      "album": "Tchaikovsky: Piano Concerto No. 1",
      "track": "Die Stadt"
    },
    {
      "artist": "Waxx",
      "album": "Turn Up",
      "track": "Turn Up"
    },
    {
      "artist": "Franz Schubert",
      "album": "Piano Quintets",
      "track": "Piano Quintet in A Major, D.667 'The Trout': I. Allegro vivace"
    },
    {
      "artist": "Alexander Borodin",
      "album": "Brahms: Hungarian Dances Nos. 5 & 6 - Liszt: Les Préludes; Hungarian Rhapsodies Nos. 1 & 4 - Enescu: Romanian Rhapsody No. 1",
      "track": "Prince Igor: Polovtsian Dances: Allegro"
    },
    {
      "artist": "Alexander Borodin",
      "album": "Brahms: Hungarian Dances Nos. 5 & 6 - Liszt: Les Préludes; Hungarian Rhapsodies Nos. 1 & 4 - Enescu: Romanian Rhapsody No. 1",
      "track": "Prince Igor: Polovtsian Dances: Polovtsian Dance: Introduzione - Andantino"
    },
    {
      "artist": "Felix Mendelssohn",
      "album": "Mendelssohn, Felix: Symphonies Nos. 3, \"Scottish\" and 5, \"Reformation\" (C. Davis) (Staatskapelle Dresden Edition, Vol. 4)",
      "track": "Symphony No. 3 in A Minor, Op. 56, MWV N19, \"Scottish\": I. Andante con moto"
    },
    {
      "artist": "Johannes Brahms",
      "album": "Brahms: Hungarian Dances Nos. 5 & 6 - Liszt: Les Préludes; Hungarian Rhapsodies Nos. 1 & 4 - Enescu: Romanian Rhapsody No. 1",
      "track": "21 Hungarian Dances, WoO 1: No. 6, Vivace in D-Flat Major"
    },
    {
      "artist": "Franz Liszt",
      "album": "Rhapsody (Live)",
      "track": "Hungarian Rhapsodies, S. 244: No. 2 in C-Sharp Minor (arr. K. Müller-Berghaus for orchestra)"
    },
    {
      "artist": "Antonín Dvořák",
      "album": "Dvorak: Piano Quintets Nos.1 & 2",
      "track": "Piano Quintet in A, Op.81: 4. Finale (Allegro)"
    },
    {
      "artist": "Maurice Ravel",
      "album": "Rhapsody (Live)",
      "track": "Rapsodie espagnole, M. 54: IV. Feria"
    },
    {
      "artist": "Smokey Joe & The Kid",
      "album": "Smokid Inc.",
      "track": "Smokid Inc."
    },
    {
      "artist": "Felix Mendelssohn",
      "album": "Mendelssohn, Felix: Symphonies Nos. 3, \"Scottish\" and 5, \"Reformation\" (C. Davis) (Staatskapelle Dresden Edition, Vol. 4)",
      "track": "Symphony No. 3 in A Minor, Op. 56, MWV N19, \"Scottish\": II. Vivace non troppo"
    },
    {
      "artist": "Johannes Brahms",
      "album": "Piano Quintets",
      "track": "Piano Quintet in F Minor, Op.34: I. Allegro non troppo"
    },
    {
      "artist": "Caravan Palace",
      "album": "Panic",
      "track": "The Dirty Side of the Street"
    },
    {
      "artist": "Parov Stelar",
      "album": "The Art Of Sampling",
      "track": "All Night"
    },
    {
      "artist": "Sergey Shnurov",
      "album": "Второй Магаданский...",
      "track": "Super good"
    },
    {
      "artist": "Franz Liszt",
      "album": "Tchaikovsky: Piano Concerto No. 1",
      "track": "Liebeslied (Widmung)"
    },
    {
      "artist": "Franz Schubert",
      "album": "Piano Quintets",
      "track": "Piano Quintet in A Major, D.667 'The Trout': III. Scherzo (Presto)"
    },
    {
      "artist": "Franz Schubert",
      "album": "Tchaikovsky: Piano Concerto No. 1",
      "track": "Auf dem Wasser zu singen"
    },
    {
      "artist": "Antonín Dvořák",
      "album": "Piano Quintets",
      "track": "Piano Quintet in A Major, B.155 (Op. 81): IV. Finale (Allegro)"
    },
    {
      "artist": "Alexander Borodin",
      "album": "Brahms: Hungarian Dances Nos. 5 & 6 - Liszt: Les Préludes; Hungarian Rhapsodies Nos. 1 & 4 - Enescu: Romanian Rhapsody No. 1",
      "track": "Prince Igor: Polovtsian Dances: Allegro con spirito - Più animato"
    },
    {
      "artist": "George Enescu",
      "album": "Rhapsody (Live)",
      "track": "2 Romanian Rhapsodies, Op. 11: No. 1 in A Major"
    },
    {
      "artist": "Antonín Dvořák",
      "album": "Dvořák: Symphonie Nr. 9, 'Aus der Neuen Welt\" - Heldenlied, Op. 111",
      "track": "Symphony No. 9 in E Minor, Op. 95, B. 178, \"From the New World\": I. Adagio - Allegro molto"
    },
    {
      "artist": "Frédéric Chopin",
      "album": "Chopin: Ballades Nos.1-4",
      "track": "Ballade No.3 In A Flat, Op.47"
    },
    {
      "artist": "Katzenjammer",
      "album": "Lady Grey",
      "track": "Lady Grey"
    },
    {
      "artist": "Johannes Brahms",
      "album": "Piano Quintets",
      "track": "Piano Quintet in F Minor, Op.34: II. Andante, un poco Adagio"
    },
    {
      "artist": "Antonín Dvořák",
      "album": "Dvorak: Piano Quintets Nos.1 & 2",
      "track": "Piano Quintet in A, Op.5: 2. Andante sostenuto"
    },
    {
      "artist": "Robert Schumann",
      "album": "Piano Quintets",
      "track": "Piano Quintet in E Flat Major, Op.44: III. Scherzo (Molto vivace) & Trios I and II"
    },
    {
      "artist": "Antonín Dvořák",
      "album": "Dvorak: Piano Quintets Nos.1 & 2",
      "track": "Piano Quintet in A, Op.5: 3. Finale (Allegro con brio)"
    },
    {
      "artist": "Franz Schubert",
      "album": "Piano Quintets",
      "track": "Piano Quintet in A Major, D.667 'The Trout': II. Andante"
    },
    {
      "artist": "Maurice Ravel",
      "album": "Rhapsody (Live)",
      "track": "Rapsodie espagnole, M. 54: III. Habanera"
    },
    {
      "artist": "Emmanuel Chabrier",
      "album": "Rhapsody (Live)",
      "track": "España"
    },
    {
      "artist": "Pyotr Ilyich Tchaikovsky",
      "album": "Tchaikovsky: Piano Concerto No. 1",
      "track": "Piano Concerto No 1 in B-flat minor, Op. 23: i. Allegro non troppo e molto maestoso – Allegro con spirito"
    },
    {
      "artist": "Franz Schubert",
      "album": "Tchaikovsky: Piano Concerto No. 1",
      "track": "Erlkönig"
    },
    {
      "artist": "Antonín Dvořák",
      "album": "Dvorak: Piano Quintets Nos.1 & 2",
      "track": "Piano Quintet in A, Op.81: 3. Scherzo (Furiant) (Molto vivace)"
    },
    {
      "artist": "Alexander Borodin",
      "album": "Brahms: Hungarian Dances Nos. 5 & 6 - Liszt: Les Préludes; Hungarian Rhapsodies Nos. 1 & 4 - Enescu: Romanian Rhapsody No. 1",
      "track": "Prince Igor: Polovtsian Dances: Dance of the Polovtsian Maidens"
    },
    {
      "artist": "Frédéric Chopin",
      "album": "Chopin: Ballades Nos.1-4",
      "track": "Prélude No.25 In C Sharp Minor, Op.45"
    },
    {
      "artist": "Caravan Palace",
      "album": "Panic",
      "track": "Rock It for Me"
    },
    {
      "artist": "Franz Liszt",
      "album": "Brahms: Hungarian Dances Nos. 5 & 6 - Liszt: Les Préludes; Hungarian Rhapsodies Nos. 1 & 4 - Enescu: Romanian Rhapsody No. 1",
      "track": "Les préludes, S. 97"
    },
    {
      "artist": "Frédéric Chopin",
      "album": "Chopin: Ballades Nos.1-4",
      "track": "Fantaisie In F Minor, Op.49"
    },
    {
      "artist": "Smokey Joe & The Kid",
      "album": "Smokid Inc.",
      "track": "Jailhouse Blues"
    },
    {
      "artist": "Parov Stelar",
      "album": "Clap Your Hands",
      "track": "The Sun feat. Graham Candy"
    },
    {
      "artist": "Franz Schubert",
      "album": "Piano Quintets",
      "track": "Piano Quintet in A Major, D.667 'The Trout': IV. Tema (Andantino) con variazioni 1-6"
    },
    {
      "artist": "Antonín Dvořák",
      "album": "Dvořák: Symphonie Nr. 9, 'Aus der Neuen Welt\" - Heldenlied, Op. 111",
      "track": "Symphony No. 9 in E Minor, Op. 95, B. 178, \"From the New World\": III. Molto vivace"
    },
    {
      "artist": "Robert Schumann",
      "album": "Piano Quintets",
      "track": "Piano Quintet in E Flat Major, Op.44: I. Allegro brillante"
    },
    {
      "artist": "Parov Stelar",
      "album": "Clap Your Hands",
      "track": "Clap Your Hands"
    },
    {
      "artist": "Franz Liszt",
      "album": "Brahms: Hungarian Dances Nos. 5 & 6 - Liszt: Les Préludes; Hungarian Rhapsodies Nos. 1 & 4 - Enescu: Romanian Rhapsody No. 1",
      "track": "6 Hungarian Rhapsodies, S. 359: No. 4 in D Minor"
    },
    {
      "artist": "Alexander Borodin",
      "album": "Brahms: Hungarian Dances Nos. 5 & 6 - Liszt: Les Préludes; Hungarian Rhapsodies Nos. 1 & 4 - Enescu: Romanian Rhapsody No. 1",
      "track": "Prince Igor: Polovtsian Dances: Moderato alla breve"
    },
    {
      "artist": "Antonín Dvořák",
      "album": "Piano Quintets",
      "track": "Piano Quintet in A Major, B.155 (Op. 81): I. Allegro ma non tanto"
    },
    {
      "artist": "Frédéric Chopin",
      "album": "Tchaikovsky: Piano Concerto No. 1",
      "track": "Barcarolle, Op. 60"
    },
    {
      "artist": "Jojo Mayer",
      "album": "The Distance Between Zero And One",
      "track": "Loot"
    },
    {
      "artist": "Pyotr Ilyich Tchaikovsky",
      "album": "Tchaikovsky: Piano Concerto No. 1",
      "track": "Piano Concerto No 1 in B-flat minor, Op. 23: ii. Andantino semplice"
    },
    {
      "artist": "Franz Schubert",
      "album": "Tchaikovsky: Piano Concerto No. 1",
      "track": "Frühlingsglaube"
    },
    {
      "artist": "Johannes Brahms",
      "album": "Piano Quintets",
      "track": "Brahms: Piano Quintet in F Minor, Op. 34: IV. Finale (Poco sostenuto - Allegro non troppo)"
    },
    {
      "artist": "Franz Schubert",
      "album": "Piano Quintets",
      "track": "Piano Quintet in A Major, D.667 'The Trout': V. Finale (Allegro giusto)"
    },
    {
      "artist": "Robert Schumann",
      "album": "Piano Quintets",
      "track": "Piano Quintet in E Flat Major, Op.44: II. In modo d'una marcia"
    },
    {
      "artist": "Parov Stelar",
      "album": "Clap Your Hands",
      "track": "The Speed Demon"
    },
    {
      "artist": "Antonín Dvořák",
      "album": "Dvorak: Piano Quintets Nos.1 & 2",
      "track": "Piano Quintet in A, Op.81: 1. Allegro, ma non tanto"
    },
    {
      "artist": "Felix Mendelssohn",
      "album": "Mendelssohn, Felix: Symphonies Nos. 3, \"Scottish\" and 5, \"Reformation\" (C. Davis) (Staatskapelle Dresden Edition, Vol. 4)",
      "track": "Symphony No. 3 in A Minor, Op. 56, MWV N19, \"Scottish\": III. Adagio"
    },
    {
      "artist": "Antonín Dvořák",
      "album": "Dvorak: Piano Quintets Nos.1 & 2",
      "track": "Piano Quintet in A, Op.81: 2. Dumka (Andante con moto)"
    },
    {
      "artist": "Felix Mendelssohn",
      "album": "Mendelssohn, Felix: Symphonies Nos. 3, \"Scottish\" and 5, \"Reformation\" (C. Davis) (Staatskapelle Dresden Edition, Vol. 4)",
      "track": "Symphony No. 3 in A Minor, Op. 56, MWV N19, \"Scottish\": IV. Allegro vivacissimo"
    },
    {
      "artist": "Alexander Borodin",
      "album": "Brahms: Hungarian Dances Nos. 5 & 6 - Liszt: Les Préludes; Hungarian Rhapsodies Nos. 1 & 4 - Enescu: Romanian Rhapsody No. 1",
      "track": "Prince Igor: Polovtsian Dances: Presto I"
    },
    {
      "artist": "Parov Stelar",
      "album": "The Art Of Sampling",
      "track": "Josephine"
    },
    {
      "artist": "Parov Stelar",
      "album": "The Art Of Sampling",
      "track": "Heavens Radio"
    },
    {
      "artist": "Maurice Ravel",
      "album": "Rhapsody (Live)",
      "track": "Rapsodie espagnole, M. 54: I. Prélude à la nuit"
    },
    {
      "artist": "Chinese Man",
      "album": "Racing With the Sun",
      "track": "Get Up"
    },
    {
      "artist": "Franz Schubert",
      "album": "Tchaikovsky: Piano Concerto No. 1",
      "track": "Die Forelle"
    },
    {
      "artist": "Johannes Brahms",
      "album": "Brahms: Hungarian Dances Nos. 5 & 6 - Liszt: Les Préludes; Hungarian Rhapsodies Nos. 1 & 4 - Enescu: Romanian Rhapsody No. 1",
      "track": "21 Hungarian Dances, WoO 1: No. 5, Allegro in F-Sharp Minor"
    },
    {
      "artist": "Frédéric Chopin",
      "album": "Chopin: Ballades Nos.1-4",
      "track": "Ballade No.4 In F Minor, Op.52"
    },
    {
      "artist": "Antonín Dvořák",
      "album": "Piano Quintets",
      "track": "Piano Quintet in A Major, B.155 (Op. 81): III. Scherzo (Furiant). Molto vivace"
    },
    {
      "artist": "Antonín Dvořák",
      "album": "Dvorak: Piano Quintets Nos.1 & 2",
      "track": "Piano Quintet in A, Op.5: 1. Allegro ma non troppo"
    },
    {
      "artist": "Pyotr Ilyich Tchaikovsky",
      "album": "Tchaikovsky: Piano Concerto No. 1",
      "track": "Un poco di Chopin, Op. 72, No. 15"
    },
    {
      "artist": "Alexander Borodin",
      "album": "Brahms: Hungarian Dances Nos. 5 & 6 - Liszt: Les Préludes; Hungarian Rhapsodies Nos. 1 & 4 - Enescu: Romanian Rhapsody No. 1",
      "track": "Prince Igor: Polovtsian Dances: Presto II"
    },
    {
      "artist": "Antonín Dvořák",
      "album": "Piano Quintets",
      "track": "Piano Quintet in A Major, B.155 (Op. 81): II. Dumka (Andante con moto)"
    },
    {
      "artist": "Caravan Palace",
      "album": "Panic",
      "track": "Clash"
    },
    {
      "artist": "Parov Stelar",
      "album": "The Art Of Sampling",
      "track": "She Ain't Got No Money"
    },
    {
      "artist": "Jamie Berry",
      "album": "Delight",
      "track": "Delight - Original Mix"
    },
    {
      "artist": "Johannes Brahms",
      "album": "Piano Quintets",
      "track": "Brahms: Piano Quintet in F Minor, Op. 34: III. Scherzo (Allegro)"
    },
    {
      "artist": "Pyotr Ilyich Tchaikovsky",
      "album": "Tchaikovsky: Piano Concerto No. 1",
      "track": "Piano Concerto No 1 in B-flat minor, Op. 23: iii. Allegro con fuoco"
    },
    {
      "artist": "George Enescu",
      "album": "Brahms: Hungarian Dances Nos. 5 & 6 - Liszt: Les Préludes; Hungarian Rhapsodies Nos. 1 & 4 - Enescu: Romanian Rhapsody No. 1",
      "track": "No. 1 in A Major"
    },
    {
      "artist": "Robert Schumann",
      "album": "Piano Quintets",
      "track": "Piano Quintet in E Flat Major, Op.44: IV. Finale (Allegro ma non troppo)"
    },
    {
      "artist": "Antonín Dvořák",
      "album": "Dvořák: Symphonie Nr. 9, 'Aus der Neuen Welt\" - Heldenlied, Op. 111",
      "track": "Symphony No. 9 in E Minor, Op. 95, B. 178, \"From the New World\": II. Largo"
    },
    {
      "artist": "Antonín Dvořák",
      "album": "Dvořák: Symphonie Nr. 9, 'Aus der Neuen Welt\" - Heldenlied, Op. 111",
      "track": "Symphony No. 9 in E Minor, Op. 95, B. 178, \"From the New World\": IV. Allegro con fuoco"
    },
    {
      "artist": "Frédéric Chopin",
      "album": "Chopin: Ballades Nos.1-4",
      "track": "Ballade No.2 In F, Op.38"
    },
    {
      "artist": "Maurice Ravel",
      "album": "Rhapsody (Live)",
      "track": "Rapsodie espagnole, M. 54: II. Malagueña"
    },
    {
      "artist": "Ferde Grofé",
      "album": "Rhapsody (Live)",
      "track": "Rhapsody in Blue (arr. F. Grofé for piano and orchestra)"
    }
  ],
  "albums": [
    {
      "artist": "Antonín Dvořák",
      "album": "Dvořák: Symphonie Nr. 9, 'Aus der Neuen Welt\" - Heldenlied, Op. 111"
    },
    {
      "artist": "Leonard Bernstein",
      "album": "Brahms: Hungarian Dances Nos. 5 & 6 - Liszt: Les Préludes; Hungarian Rhapsodies Nos. 1 & 4 - Enescu: Romanian Rhapsody No. 1"
    },
    {
      "artist": "Daniil Trifonov",
      "album": "Tchaikovsky: Piano Concerto No. 1"
    },
    {
      "artist": "Alban Berg Quartett",
      "album": "Piano Quintets"
    },
    {
      "artist": "Frédéric Chopin",
      "album": "Chopin: Ballades Nos.1-4"
    },
    {
      "artist": "Denis Matsuev",
      "album": "Rhapsody (Live)"
    },
    {
      "artist": "Antonín Dvořák",
      "album": "Dvorak: Piano Quintets Nos.1 & 2"
    },
    {
      "artist": "Alle Farben",
      "album": "She Moves"
    }
  ],
  "shows": [
    {
      "name": "Fest & Flauschig",
      "publisher": "Jan Böhmermann & Olli Schulz"
    }
  ],
  "episodes": [
  ],
  "bannedTracks": [
  ],
  "other": [
  ]
}
