{
  "wall_posts_sent_to_you": {
    "activity_log_data": [
      {
        "timestamp": 1576364400,
        "data": [
          {
            "post": "Continue build energy"
          }
        ],
        "title": "So-and-so wrote on your timeline.**"
      },
      {
        "timestamp": 1576882800,
        "data": [
          {
            "post": "Reality message share"
          }
        ],
        "title": "So-and-so wrote on your timeline.**"
      },
      {
        "timestamp": 1576364400,
        "data": [
          {
            "post": "Imagine the should"
          }
        ],
        "title": "So-and-so wrote on your timeline.**"
      },
      {
        "timestamp": 1577660400,
        "data": [
          {
            "post": "What along she leg"
          }
        ],
        "title": "So-and-so wrote on your timeline.**"
      },
      {
        "timestamp": 1576105200,
        "data": [
          {
            "post": "Herself simple ago"
          }
        ],
        "title": "So-and-so wrote on your timeline.**"
      },
      {
        "timestamp": 1578178800,
        "data": [
          {
            "post": "Learn positive near"
          }
        ],
        "title": "So-and-so wrote on your timeline.**"
      },
      {
        "timestamp": 1577142000,
        "data": [
          {
            "post": "Add information like"
          }
        ],
        "title": "So-and-so wrote on your timeline.**"
      },
      {
        "timestamp": 1576278000,
        "data": [],
        "title": "So-and-so wrote on your timeline.**"
      },
      {
        "timestamp": 1577660400,
        "data": [
          {
            "post": "Leave money usually"
          }
        ],
        "title": "So-and-so wrote on your timeline.**"
      },
      {
        "timestamp": 1577660400,
        "data": [
          {
            "post": "Official establish"
          }
        ],
        "title": "So-and-so wrote on your timeline.**"
      },
      {
        "timestamp": 1578351600,
        "data": [
          {
            "post": "Usually break wrong"
          }
        ],
        "title": "So-and-so wrote on your timeline.**"
      },
      {
        "timestamp": 1576710000,
        "data": [
          {
            "post": "Game raise but design"
          }
        ],
        "title": "So-and-so wrote on your timeline.**"
      },
      {
        "timestamp": 1577746800,
        "data": [
          {
            "post": "International your"
          }
        ],
        "title": "So-and-so wrote on your timeline.**"
      },
      {
        "timestamp": 1578438000,
        "data": [
          {
            "post": "Deal argue and"
          }
        ],
        "title": "So-and-so wrote on your timeline.**"
      },
      {
        "timestamp": 1578178800,
        "data": [
          {
            "post": "Book former memory"
          }
        ],
        "title": "So-and-so wrote on your timeline.**"
      },
      {
        "timestamp": 1576450800,
        "data": [
          {
            "post": "Gas business"
          }
        ],
        "title": "So-and-so wrote on your timeline.**"
      },
      {
        "timestamp": 1577401200,
        "data": [
          {
            "post": "Would light sign"
          }
        ],
        "title": "So-and-so wrote on your timeline.**"
      },
      {
        "timestamp": 1576623600,
        "data": [
          {
            "post": "Agree see represent"
          }
        ],
        "title": "So-and-so wrote on your timeline.**"
      },
      {
        "timestamp": 1576796400,
        "data": [
          {
            "post": "Increase around"
          }
        ],
        "title": "So-and-so wrote on your timeline.**"
      },
      {
        "timestamp": 1576969200,
        "data": [
          {
            "post": "Take hundred medical"
          }
        ],
        "title": "So-and-so wrote on your timeline.**"
      },
      {
        "timestamp": 1576278000,
        "data": [
          {
            "post": "Impact international"
          }
        ],
        "title": "So-and-so wrote on your timeline.**"
      },
      {
        "timestamp": 1577487600,
        "data": [
          {
            "post": "Near he low thing"
          }
        ],
        "title": "So-and-so wrote on your timeline.**"
      },
      {
        "timestamp": 1578006000,
        "attachments": [
          {
            "data": [
              {
                "external_context": {
                  "url": "https://www.howell.info/"
                }
              }
            ]
          }
        ],
        "data": [
          {
            "post": "Then laugh training"
          },
          {
            "update_timestamp": 1577833200
          }
        ],
        "title": "So-and-so wrote on your timeline.**"
      },
      {
        "timestamp": 1576710000,
        "data": [
          {
            "post": "Against learn fear"
          }
        ],
        "title": "So-and-so wrote on your timeline.**"
      },
      {
        "timestamp": 1576710000,
        "tags": [
          "Kendra Smith"
        ],
        "data": [],
        "title": "So-and-so wrote on your timeline.**"
      },
      {
        "timestamp": 1577833200,
        "data": [
          {
            "post": "Entire billion above"
          }
        ],
        "title": "So-and-so wrote on your timeline.**"
      },
      {
        "timestamp": 1576450800,
        "data": [
          {
            "post": "Sound glass"
          }
        ],
        "title": "So-and-so wrote on your timeline.**"
      },
      {
        "timestamp": 1576278000,
        "data": [
          {
            "post": "Stop less him"
          }
        ],
        "title": "So-and-so wrote on your timeline.**"
      },
      {
        "timestamp": 1577833200,
        "data": [
          {
            "post": "Appear race early"
          }
        ],
        "title": "So-and-so wrote on your timeline.**"
      },
      {
        "timestamp": 1578265200,
        "data": [
          {
            "post": "Must probably while"
          }
        ],
        "title": "So-and-so wrote on your timeline.**"
      },
      {
        "timestamp": 1576710000,
        "data": [
          {
            "post": "Century weight"
          }
        ],
        "title": "So-and-so wrote on your timeline.**"
      },
      {
        "timestamp": 1576191600,
        "data": [
          {
            "post": "Surface ten growth"
          }
        ],
        "title": "So-and-so wrote on your timeline.**"
      },
      {
        "timestamp": 1576105200,
        "data": [
          {
            "post": "Happy hair wide"
          }
        ],
        "title": "So-and-so wrote on your timeline.**"
      },
      {
        "timestamp": 1576105200,
        "data": [
          {
            "post": "However method"
          }
        ],
        "title": "So-and-so wrote on your timeline.**"
      },
      {
        "timestamp": 1576278000,
        "data": [
          {
            "post": "Nothing nearly staff"
          }
        ],
        "title": "So-and-so wrote on your timeline.**"
      },
      {
        "timestamp": 1577487600,
        "data": [
          {
            "post": "Should writer thus"
          }
        ],
        "title": "So-and-so wrote on your timeline.**"
      },
      {
        "timestamp": 1576450800,
        "data": [
          {
            "post": "Fear section sea"
          }
        ],
        "title": "So-and-so wrote on your timeline.**"
      },
      {
        "timestamp": 1578092400,
        "data": [
          {
            "post": "Church camera"
          }
        ],
        "title": "So-and-so wrote on your timeline.**"
      },
      {
        "timestamp": 1577228400,
        "data": [
          {
            "post": "Behind present add"
          }
        ],
        "title": "So-and-so wrote on your timeline.**"
      },
      {
        "timestamp": 1577660400,
        "data": [
          {
            "post": "Stop American create"
          }
        ],
        "title": "So-and-so wrote on your timeline.**"
      },
      {
        "timestamp": 1578265200,
        "data": [
          {
            "post": "Carry money education"
          }
        ],
        "title": "So-and-so wrote on your timeline.**"
      },
      {
        "timestamp": 1577487600,
        "data": [
          {
            "post": "Pull particular"
          }
        ],
        "title": "So-and-so wrote on your timeline.**"
      },
      {
        "timestamp": 1578178800,
        "data": [
          {
            "post": "Including usually"
          }
        ],
        "title": "So-and-so wrote on your timeline.**"
      },
      {
        "timestamp": 1576278000,
        "data": [
          {
            "post": "Suffer nor light"
          }
        ],
        "title": "So-and-so wrote on your timeline.**"
      },
      {
        "timestamp": 1576710000,
        "tags": [
          "Joseph Fischer"
        ],
        "data": [
          {
            "post": "No last fear happen"
          },
          {
            "update_timestamp": 1576537200
          }
        ],
        "title": "So-and-so wrote on your timeline.**"
      },
      {
        "timestamp": 1577055600,
        "data": [
          {
            "post": "Past quickly put"
          }
        ],
        "title": "So-and-so wrote on your timeline.**"
      },
      {
        "timestamp": 1576796400,
        "data": [],
        "title": "So-and-so wrote on your timeline.**"
      },
      {
        "timestamp": 1578438000,
        "data": [
          {
            "post": "Fear toward north"
          }
        ],
        "title": "So-and-so wrote on your timeline.**"
      },
      {
        "timestamp": 1577919600,
        "data": [
          {
            "post": "Sea shoulder war boy"
          }
        ],
        "title": "So-and-so wrote on your timeline.**"
      },
      {
        "timestamp": 1578092400,
        "data": [
          {
            "post": "His material activity"
          }
        ],
        "title": "So-and-so wrote on your timeline.**"
      },
      {
        "timestamp": 1577919600,
        "data": [
          {
            "post": "About part exist"
          }
        ],
        "title": "So-and-so wrote on your timeline.**"
      },
      {
        "timestamp": 1577746800,
        "data": [
          {
            "post": "Strong nation"
          }
        ],
        "title": "So-and-so wrote on your timeline.**"
      },
      {
        "timestamp": 1576882800,
        "data": [
          {
            "post": "Instead mother join"
          }
        ],
        "title": "So-and-so wrote on your timeline.**"
      },
      {
        "timestamp": 1576450800,
        "data": [
          {
            "post": "West matter among"
          }
        ],
        "title": "So-and-so wrote on your timeline.**"
      },
      {
        "timestamp": 1576623600,
        "data": [
          {
            "post": "Skill station"
          }
        ],
        "title": "So-and-so wrote on your timeline.**"
      },
      {
        "timestamp": 1578351600,
        "data": [
          {
            "post": "Throw light somebody"
          }
        ],
        "title": "So-and-so wrote on your timeline.**"
      },
      {
        "timestamp": 1576364400,
        "data": [
          {
            "post": "Whole coach perhaps"
          }
        ],
        "title": "So-and-so wrote on your timeline.**"
      },
      {
        "timestamp": 1576278000,
        "data": [
          {
            "post": "Within young wear"
          }
        ],
        "title": "So-and-so wrote on your timeline.**"
      },
      {
        "timestamp": 1576796400,
        "data": [
          {
            "post": "At game season charge"
          }
        ],
        "title": "So-and-so wrote on your timeline.**"
      },
      {
        "timestamp": 1578178800,
        "data": [
          {
            "post": "Place campaign little"
          }
        ],
        "title": "So-and-so wrote on your timeline.**"
      },
      {
        "timestamp": 1577401200,
        "data": [
          {
            "post": "Industry station by"
          }
        ],
        "title": "So-and-so wrote on your timeline.**"
      },
      {
        "timestamp": 1576105200,
        "data": [
          {
            "post": "Turn foot technology"
          }
        ],
        "title": "So-and-so wrote on your timeline.**"
      },
      {
        "timestamp": 1577660400,
        "data": [
          {
            "post": "Easy hope message own"
          }
        ],
        "title": "So-and-so wrote on your timeline.**"
      },
      {
        "timestamp": 1577746800,
        "data": [
          {
            "post": "Tree thing woman many"
          }
        ],
        "title": "So-and-so wrote on your timeline.**"
      },
      {
        "timestamp": 1577487600,
        "data": [
          {
            "post": "Whatever across"
          }
        ],
        "title": "So-and-so wrote on your timeline.**"
      },
      {
        "timestamp": 1576537200,
        "data": [
          {
            "post": "I bag hit small"
          }
        ],
        "title": "So-and-so wrote on your timeline.**"
      },
      {
        "timestamp": 1577228400,
        "data": [
          {
            "post": "Teacher win lead pay"
          }
        ],
        "title": "So-and-so wrote on your timeline.**"
      },
      {
        "timestamp": 1576623600,
        "attachments": [
          {
            "data": [
              {
                "external_context": {
                  "url": "http://www.boyd.info/"
                }
              }
            ]
          }
        ],
        "data": [
          {
            "post": "Author factor study"
          },
          {
            "update_timestamp": 1577228400
          }
        ],
        "title": "So-and-so wrote on your timeline.**"
      },
      {
        "timestamp": 1578265200,
        "data": [
          {
            "post": "Until produce stay"
          }
        ],
        "title": "So-and-so wrote on your timeline.**"
      },
      {
        "timestamp": 1578006000,
        "data": [
          {
            "post": "Outside part produce"
          }
        ],
        "title": "So-and-so wrote on your timeline.**"
      },
      {
        "timestamp": 1577833200,
        "data": [
          {
            "post": "Last father anything"
          }
        ],
        "title": "So-and-so wrote on your timeline.**"
      },
      {
        "timestamp": 1577055600,
        "data": [
          {
            "post": "Heart lay on parent"
          }
        ],
        "title": "So-and-so wrote on your timeline.**"
      },
      {
        "timestamp": 1577833200,
        "data": [
          {
            "post": "Clearly source"
          }
        ],
        "title": "So-and-so wrote on your timeline.**"
      },
      {
        "timestamp": 1576623600,
        "data": [
          {
            "post": "Its indeed account"
          }
        ],
        "title": "So-and-so wrote on your timeline.**"
      },
      {
        "timestamp": 1576191600,
        "data": [
          {
            "post": "Play make least near"
          }
        ],
        "title": "So-and-so wrote on your timeline.**"
      },
      {
        "timestamp": 1576710000,
        "data": [
          {
            "post": "Choose serve last"
          }
        ],
        "title": "So-and-so wrote on your timeline.**"
      },
      {
        "timestamp": 1576105200,
        "data": [
          {
            "post": "Very water increase"
          }
        ],
        "title": "So-and-so wrote on your timeline.**"
      },
      {
        "timestamp": 1577746800,
        "data": [
          {
            "post": "Country pressure"
          }
        ],
        "title": "So-and-so wrote on your timeline.**"
      },
      {
        "timestamp": 1577228400,
        "data": [
          {
            "post": "Sure any ok full"
          }
        ],
        "title": "So-and-so wrote on your timeline.**"
      },
      {
        "timestamp": 1578265200,
        "data": [
          {
            "post": "Feeling represent"
          }
        ],
        "title": "So-and-so wrote on your timeline.**"
      },
      {
        "timestamp": 1577055600,
        "data": [
          {
            "post": "Office increase speak"
          }
        ],
        "title": "So-and-so wrote on your timeline.**"
      },
      {
        "timestamp": 1577833200,
        "data": [
          {
            "post": "Your person network"
          }
        ],
        "title": "So-and-so wrote on your timeline.**"
      },
      {
        "timestamp": 1577314800,
        "data": [
          {
            "post": "Whole attack cover"
          }
        ],
        "title": "So-and-so wrote on your timeline.**"
      },
      {
        "timestamp": 1576537200,
        "attachments": [],
        "data": [
          {
            "post": "Behind lead partner"
          },
          {
            "update_timestamp": 1576364400
          }
        ],
        "title": "So-and-so wrote on your timeline.**"
      },
      {
        "timestamp": 1576969200,
        "data": [
          {
            "post": "Little Mr game play"
          }
        ],
        "title": "So-and-so wrote on your timeline.**"
      },
      {
        "timestamp": 1576969200,
        "data": [
          {
            "post": "South class middle"
          }
        ],
        "title": "So-and-so wrote on your timeline.**"
      },
      {
        "timestamp": 1577142000,
        "data": [
          {
            "post": "Executive force chair"
          }
        ],
        "title": "So-and-so wrote on your timeline.**"
      },
      {
        "timestamp": 1577746800,
        "data": [
          {
            "post": "Suddenly offer"
          }
        ],
        "title": "So-and-so wrote on your timeline.**"
      },
      {
        "timestamp": 1576364400,
        "data": [
          {
            "post": "Forward send color"
          }
        ],
        "title": "So-and-so wrote on your timeline.**"
      },
      {
        "timestamp": 1578265200,
        "data": [
          {
            "post": "Decade short like"
          }
        ],
        "title": "So-and-so wrote on your timeline.**"
      },
      {
        "timestamp": 1576105200,
        "data": [
          {
            "post": "This then site"
          }
        ],
        "title": "So-and-so wrote on your timeline.**"
      },
      {
        "timestamp": 1576710000,
        "data": [
          {
            "post": "Until federal various"
          }
        ],
        "title": "So-and-so wrote on your timeline.**"
      },
      {
        "timestamp": 1576191600,
        "data": [
          {
            "post": "Wish consumer"
          }
        ],
        "title": "So-and-so wrote on your timeline.**"
      },
      {
        "timestamp": 1576191600,
        "data": [
          {
            "post": "Product night speech"
          }
        ],
        "title": "So-and-so wrote on your timeline.**"
      },
      {
        "timestamp": 1577919600,
        "data": [
          {
            "post": "Movement these book"
          }
        ],
        "title": "So-and-so wrote on your timeline.**"
      },
      {
        "timestamp": 1578351600,
        "data": [
          {
            "post": "Tax find land short"
          }
        ],
        "title": "So-and-so wrote on your timeline.**"
      },
      {
        "timestamp": 1578438000,
        "data": [
          {
            "post": "Environment body"
          }
        ],
        "title": "So-and-so wrote on your timeline.**"
      },
      {
        "timestamp": 1577746800,
        "data": [
          {
            "post": "Large manager bit"
          }
        ],
        "title": "So-and-so wrote on your timeline.**"
      },
      {
        "timestamp": 1578092400,
        "data": [
          {
            "post": "Form service expect"
          }
        ],
        "title": "So-and-so wrote on your timeline.**"
      },
      {
        "timestamp": 1576623600,
        "data": [
          {
            "post": "Loss add will line"
          }
        ],
        "title": "So-and-so wrote on your timeline.**"
      },
      {
        "timestamp": 1576796400,
        "data": [
          {
            "post": "Tough recently"
          }
        ],
        "title": "So-and-so wrote on your timeline.**"
      },
      {
        "timestamp": 1577401200,
        "data": [
          {
            "post": "Form new American"
          }
        ],
        "title": "So-and-so wrote on your timeline.**"
      },
      {
        "timestamp": 1577919600,
        "data": [
          {
            "post": "Name everyone whom"
          }
        ],
        "title": "So-and-so wrote on your timeline.**"
      },
      {
        "timestamp": 1578092400,
        "data": [
          {
            "post": "Fact special dream"
          }
        ],
        "title": "So-and-so wrote on your timeline.**"
      },
      {
        "timestamp": 1576537200,
        "attachments": [
          {
            "data": [
              {
                "external_context": {
                  "url": "https://fuentes.com/"
                }
              }
            ]
          }
        ],
        "data": [
          {
            "post": "Whose foot wrong far"
          },
          {
            "update_timestamp": 1576191600
          }
        ],
        "title": "So-and-so wrote on your timeline.**"
      },
      {
        "timestamp": 1577833200,
        "data": [
          {
            "post": "Drop should beat fear"
          }
        ],
        "title": "So-and-so wrote on your timeline.**"
      },
      {
        "timestamp": 1578178800,
        "data": [
          {
            "post": "Upon free east impact"
          }
        ],
        "title": "So-and-so wrote on your timeline.**"
      },
      {
        "timestamp": 1578092400,
        "data": [
          {
            "post": "Upon visit bed hour"
          }
        ],
        "title": "So-and-so wrote on your timeline.**"
      },
      {
        "timestamp": 1577746800,
        "data": [
          {
            "post": "Open information"
          }
        ],
        "title": "So-and-so wrote on your timeline.**"
      },
      {
        "timestamp": 1578265200,
        "data": [
          {
            "post": "Position difference"
          }
        ],
        "title": "So-and-so wrote on your timeline.**"
      },
      {
        "timestamp": 1577314800,
        "data": [
          {
            "post": "Feel spend writer"
          }
        ],
        "title": "So-and-so wrote on your timeline.**"
      },
      {
        "timestamp": 1577660400,
        "data": [
          {
            "post": "Beautiful moment lay"
          }
        ],
        "title": "So-and-so wrote on your timeline.**"
      },
      {
        "timestamp": 1577055600,
        "attachments": [
          {
            "data": [
              {
                "external_context": {
                  "url": "http://curry.com/"
                }
              }
            ]
          }
        ],
        "data": [
          {
            "post": "Short onto answer"
          },
          {
            "update_timestamp": 1577574000
          }
        ],
        "title": "So-and-so wrote on your timeline.**"
      },
      {
        "timestamp": 1576537200,
        "data": [
          {
            "post": "Admit author right"
          }
        ],
        "title": "So-and-so wrote on your timeline.**"
      },
      {
        "timestamp": 1578265200,
        "data": [
          {
            "post": "Throw professor space"
          }
        ],
        "title": "So-and-so wrote on your timeline.**"
      },
      {
        "timestamp": 1577574000,
        "data": [
          {
            "post": "Plan respond"
          }
        ],
        "title": "So-and-so wrote on your timeline.**"
      },
      {
        "timestamp": 1576710000,
        "data": [
          {
            "post": "Tree kitchen many"
          }
        ],
        "title": "So-and-so wrote on your timeline.**"
      },
      {
        "timestamp": 1576450800,
        "data": [
          {
            "post": "Want action newspaper"
          }
        ],
        "title": "So-and-so wrote on your timeline.**"
      },
      {
        "timestamp": 1577919600,
        "data": [
          {
            "post": "Reality physical dark"
          }
        ],
        "title": "So-and-so wrote on your timeline.**"
      },
      {
        "timestamp": 1577660400,
        "data": [
          {
            "post": "Social environment"
          }
        ],
        "title": "So-and-so wrote on your timeline.**"
      },
      {
        "timestamp": 1578178800,
        "data": [
          {
            "post": "Article shake peace"
          }
        ],
        "title": "So-and-so wrote on your timeline.**"
      },
      {
        "timestamp": 1577401200,
        "data": [
          {
            "post": "Where their attention"
          }
        ],
        "title": "So-and-so wrote on your timeline.**"
      },
      {
        "timestamp": 1577487600,
        "data": [
          {
            "post": "Ago here game old"
          }
        ],
        "title": "So-and-so wrote on your timeline.**"
      },
      {
        "timestamp": 1578351600,
        "data": [
          {
            "post": "Small either article"
          }
        ],
        "title": "So-and-so wrote on your timeline.**"
      },
      {
        "timestamp": 1576105200,
        "data": [
          {
            "post": "And almost reach stay"
          }
        ],
        "title": "So-and-so wrote on your timeline.**"
      },
      {
        "timestamp": 1577401200,
        "data": [
          {
            "post": "Responsibility but"
          }
        ],
        "title": "So-and-so wrote on your timeline.**"
      },
      {
        "timestamp": 1576623600,
        "data": [
          {
            "post": "Always lose anyone"
          }
        ],
        "title": "So-and-so wrote on your timeline.**"
      },
      {
        "timestamp": 1578438000,
        "data": [
          {
            "post": "Production usually"
          }
        ],
        "title": "So-and-so wrote on your timeline.**"
      },
      {
        "timestamp": 1577228400,
        "data": [
          {
            "post": "Technology color I"
          }
        ],
        "title": "So-and-so wrote on your timeline.**"
      },
      {
        "timestamp": 1577401200,
        "data": [
          {
            "post": "Science interest push"
          }
        ],
        "title": "So-and-so wrote on your timeline.**"
      },
      {
        "timestamp": 1577228400,
        "data": [
          {
            "post": "Modern often son"
          }
        ],
        "title": "So-and-so wrote on your timeline.**"
      },
      {
        "timestamp": 1577314800,
        "data": [
          {
            "post": "Finish right view"
          }
        ],
        "title": "So-and-so wrote on your timeline.**"
      },
      {
        "timestamp": 1577487600,
        "data": [
          {
            "post": "Worry about process"
          }
        ],
        "title": "So-and-so wrote on your timeline.**"
      },
      {
        "timestamp": 1577487600,
        "data": [
          {
            "post": "Public lawyer science"
          }
        ],
        "title": "So-and-so wrote on your timeline.**"
      },
      {
        "timestamp": 1578438000,
        "data": [
          {
            "post": "Read value argue"
          }
        ],
        "title": "So-and-so wrote on your timeline.**"
      },
      {
        "timestamp": 1576537200,
        "data": [
          {
            "post": "Nature wonder space"
          }
        ],
        "title": "So-and-so wrote on your timeline.**"
      },
      {
        "timestamp": 1577055600,
        "data": [
          {
            "post": "Sure activity have"
          }
        ],
        "title": "So-and-so wrote on your timeline.**"
      },
      {
        "timestamp": 1576882800,
        "data": [
          {
            "post": "Other whole rich"
          }
        ],
        "title": "So-and-so wrote on your timeline.**"
      },
      {
        "timestamp": 1576191600,
        "data": [
          {
            "post": "Interview idea draw"
          }
        ],
        "title": "So-and-so wrote on your timeline.**"
      },
      {
        "timestamp": 1576191600,
        "data": [
          {
            "post": "Seem among middle"
          }
        ],
        "title": "So-and-so wrote on your timeline.**"
      },
      {
        "timestamp": 1576623600,
        "data": [
          {
            "post": "Husband try design"
          }
        ],
        "title": "So-and-so wrote on your timeline.**"
      },
      {
        "timestamp": 1576105200,
        "data": [
          {
            "post": "Economy choose level"
          }
        ],
        "title": "So-and-so wrote on your timeline.**"
      },
      {
        "timestamp": 1577314800,
        "data": [
          {
            "post": "Worry choice power"
          }
        ],
        "title": "So-and-so wrote on your timeline.**"
      },
      {
        "timestamp": 1578438000,
        "data": [
          {
            "post": "Treat full probably"
          }
        ],
        "title": "So-and-so wrote on your timeline.**"
      },
      {
        "timestamp": 1576969200,
        "attachments": [
          {
            "data": [
              {
                "external_context": {
                  "url": "https://www.taylor-kelly.info/"
                }
              }
            ]
          }
        ],
        "data": [
          {
            "post": "Edge left draw wall"
          },
          {
            "update_timestamp": 1578351600
          }
        ],
        "title": "So-and-so wrote on your timeline.**"
      },
      {
        "timestamp": 1577919600,
        "data": [
          {
            "post": "Often fly sea reveal"
          }
        ],
        "title": "So-and-so wrote on your timeline.**"
      },
      {
        "timestamp": 1577055600,
        "data": [
          {
            "post": "Tell include military"
          }
        ],
        "title": "So-and-so wrote on your timeline.**"
      },
      {
        "timestamp": 1576191600,
        "attachments": [
          {
            "data": [
              {
                "external_context": {
                  "url": "https://www.cochran.net/"
                }
              }
            ]
          }
        ],
        "data": [
          {
            "update_timestamp": 1577574000
          }
        ],
        "title": "So-and-so wrote on your timeline.**"
      },
      {
        "timestamp": 1576969200,
        "data": [
          {
            "post": "Mother oil measure"
          }
        ],
        "title": "So-and-so wrote on your timeline.**"
      },
      {
        "timestamp": 1578006000,
        "data": [
          {
            "post": "Piece lawyer politics"
          }
        ],
        "title": "So-and-so wrote on your timeline.**"
      },
      {
        "timestamp": 1578265200,
        "data": [
          {
            "post": "Prevent walk law let"
          }
        ],
        "title": "So-and-so wrote on your timeline.**"
      },
      {
        "timestamp": 1577833200,
        "data": [
          {
            "post": "Leg likely bag late"
          }
        ],
        "title": "So-and-so wrote on your timeline.**"
      },
      {
        "timestamp": 1577228400,
        "data": [
          {
            "post": "Air former drop clear"
          }
        ],
        "title": "So-and-so wrote on your timeline.**"
      },
      {
        "timestamp": 1578524400,
        "data": [
          {
            "post": "Body its manager"
          }
        ],
        "title": "So-and-so wrote on your timeline.**"
      },
      {
        "timestamp": 1577401200,
        "data": [
          {
            "post": "Reality little its"
          }
        ],
        "title": "So-and-so wrote on your timeline.**"
      },
      {
        "timestamp": 1576450800,
        "data": [
          {
            "post": "Call those product"
          }
        ],
        "title": "So-and-so wrote on your timeline.**"
      },
      {
        "timestamp": 1577401200,
        "data": [
          {
            "post": "Beautiful interesting"
          }
        ],
        "title": "So-and-so wrote on your timeline.**"
      },
      {
        "timestamp": 1576623600,
        "data": [
          {
            "post": "Follow tough again"
          }
        ],
        "title": "So-and-so wrote on your timeline.**"
      },
      {
        "timestamp": 1576278000,
        "data": [
          {
            "post": "Happy newspaper"
          }
        ],
        "title": "So-and-so wrote on your timeline.**"
      },
      {
        "timestamp": 1577401200,
        "data": [
          {
            "post": "Care only two create"
          }
        ],
        "title": "So-and-so wrote on your timeline.**"
      },
      {
        "timestamp": 1576537200,
        "data": [
          {
            "post": "Believe member fast"
          }
        ],
        "title": "So-and-so wrote on your timeline.**"
      },
      {
        "timestamp": 1577228400,
        "data": [
          {
            "post": "Something answer miss"
          }
        ],
        "title": "So-and-so wrote on your timeline.**"
      },
      {
        "timestamp": 1577919600,
        "data": [
          {
            "post": "Establish alone rest"
          }
        ],
        "title": "So-and-so wrote on your timeline.**"
      },
      {
        "timestamp": 1576191600,
        "data": [
          {
            "post": "Style law third"
          }
        ],
        "title": "So-and-so wrote on your timeline.**"
      },
      {
        "timestamp": 1576278000,
        "data": [
          {
            "post": "Movement close"
          }
        ],
        "title": "So-and-so wrote on your timeline.**"
      },
      {
        "timestamp": 1577401200,
        "data": [
          {
            "post": "Decade animal record"
          }
        ],
        "title": "So-and-so wrote on your timeline.**"
      },
      {
        "timestamp": 1576882800,
        "data": [
          {
            "post": "Brother be important"
          }
        ],
        "title": "So-and-so wrote on your timeline.**"
      },
      {
        "timestamp": 1576105200,
        "data": [
          {
            "post": "Away seven surface"
          }
        ],
        "title": "So-and-so wrote on your timeline.**"
      },
      {
        "timestamp": 1577919600,
        "data": [
          {
            "post": "Million else society"
          }
        ],
        "title": "So-and-so wrote on your timeline.**"
      },
      {
        "timestamp": 1576882800,
        "data": [
          {
            "post": "Ask road threat baby"
          }
        ],
        "title": "So-and-so wrote on your timeline.**"
      },
      {
        "timestamp": 1578265200,
        "data": [
          {
            "post": "Something decade"
          }
        ],
        "title": "So-and-so wrote on your timeline.**"
      },
      {
        "timestamp": 1576105200,
        "data": [
          {
            "post": "Talk produce leave"
          }
        ],
        "title": "So-and-so wrote on your timeline.**"
      },
      {
        "timestamp": 1576623600,
        "data": [
          {
            "post": "Wait investment"
          }
        ],
        "title": "So-and-so wrote on your timeline.**"
      },
      {
        "timestamp": 1577833200,
        "data": [
          {
            "post": "Personal cell force"
          }
        ],
        "title": "So-and-so wrote on your timeline.**"
      },
      {
        "timestamp": 1577055600,
        "data": [
          {
            "post": "Spring drive true"
          }
        ],
        "title": "So-and-so wrote on your timeline.**"
      },
      {
        "timestamp": 1577660400,
        "data": [
          {
            "post": "Yourself use minute I"
          }
        ],
        "title": "So-and-so wrote on your timeline.**"
      },
      {
        "timestamp": 1576969200,
        "attachments": [
          {
            "data": [
              {
                "external_context": {
                  "url": "http://benson-carlson.biz/"
                }
              }
            ]
          }
        ],
        "data": [
          {
            "post": "For show carry itself"
          },
          {
            "update_timestamp": 1577746800
          }
        ],
        "title": "So-and-so wrote on your timeline.**"
      },
      {
        "timestamp": 1577055600,
        "data": [
          {
            "post": "The use job catch"
          }
        ],
        "title": "So-and-so wrote on your timeline.**"
      },
      {
        "timestamp": 1577746800,
        "data": [
          {
            "post": "These direction"
          }
        ],
        "title": "So-and-so wrote on your timeline.**"
      },
      {
        "timestamp": 1578524400,
        "data": [
          {
            "post": "Job through arm rest"
          }
        ],
        "title": "So-and-so wrote on your timeline.**"
      },
      {
        "timestamp": 1577228400,
        "data": [
          {
            "post": "Guess guess wait bag"
          }
        ],
        "title": "So-and-so wrote on your timeline.**"
      },
      {
        "timestamp": 1578438000,
        "data": [
          {
            "post": "Organization keep"
          }
        ],
        "title": "So-and-so wrote on your timeline.**"
      },
      {
        "timestamp": 1576278000,
        "data": [
          {
            "post": "Answer relate center"
          }
        ],
        "title": "So-and-so wrote on your timeline.**"
      },
      {
        "timestamp": 1576882800,
        "data": [
          {
            "post": "Moment radio full"
          }
        ],
        "title": "So-and-so wrote on your timeline.**"
      },
      {
        "timestamp": 1576710000,
        "data": [
          {
            "post": "Do within than"
          }
        ],
        "title": "So-and-so wrote on your timeline.**"
      },
      {
        "timestamp": 1578178800,
        "data": [
          {
            "post": "With suffer"
          }
        ],
        "title": "So-and-so wrote on your timeline.**"
      },
      {
        "timestamp": 1577574000,
        "data": [
          {
            "post": "Create group black"
          }
        ],
        "title": "So-and-so wrote on your timeline.**"
      },
      {
        "timestamp": 1577833200,
        "data": [
          {
            "post": "Fear weight moment"
          }
        ],
        "title": "So-and-so wrote on your timeline.**"
      },
      {
        "timestamp": 1578351600,
        "data": [
          {
            "post": "Much federal herself"
          }
        ],
        "title": "So-and-so wrote on your timeline.**"
      },
      {
        "timestamp": 1578351600,
        "data": [
          {
            "post": "Travel knowledge"
          }
        ],
        "title": "So-and-so wrote on your timeline.**"
      },
      {
        "timestamp": 1576796400,
        "data": [
          {
            "post": "Mean perhaps create"
          }
        ],
        "title": "So-and-so wrote on your timeline.**"
      },
      {
        "timestamp": 1576623600,
        "data": [
          {
            "post": "Huge their food where"
          }
        ],
        "title": "So-and-so wrote on your timeline.**"
      },
      {
        "timestamp": 1577919600,
        "data": [
          {
            "post": "Onto way interview"
          }
        ],
        "title": "So-and-so wrote on your timeline.**"
      },
      {
        "timestamp": 1576796400,
        "data": [
          {
            "post": "Ask threat down north"
          }
        ],
        "title": "So-and-so wrote on your timeline.**"
      },
      {
        "timestamp": 1577833200,
        "data": [
          {
            "post": "Avoid professional"
          }
        ],
        "title": "So-and-so wrote on your timeline.**"
      },
      {
        "timestamp": 1578351600,
        "data": [
          {
            "post": "Customer father"
          }
        ],
        "title": "So-and-so wrote on your timeline.**"
      },
      {
        "timestamp": 1576450800,
        "data": [
          {
            "post": "Work approach catch"
          }
        ],
        "title": "So-and-so wrote on your timeline.**"
      },
      {
        "timestamp": 1577919600,
        "data": [
          {
            "post": "Program sign least"
          }
        ],
        "title": "So-and-so wrote on your timeline.**"
      },
      {
        "timestamp": 1578006000,
        "data": [
          {
            "post": "Inside imagine"
          }
        ],
        "title": "So-and-so wrote on your timeline.**"
      },
      {
        "timestamp": 1577228400,
        "data": [
          {
            "post": "Smile social peace"
          }
        ],
        "title": "So-and-so wrote on your timeline.**"
      },
      {
        "timestamp": 1577401200,
        "data": [
          {
            "post": "Painting response"
          }
        ],
        "title": "So-and-so wrote on your timeline.**"
      },
      {
        "timestamp": 1576969200,
        "attachments": [
          {
            "data": [
              {
                "external_context": {
                  "url": "http://www.woods-walker.com/"
                }
              }
            ]
          }
        ],
        "data": [
          {
            "update_timestamp": 1576278000
          }
        ],
        "title": "So-and-so wrote on your timeline.**"
      },
      {
        "timestamp": 1578265200,
        "data": [
          {
            "post": "Law human race common"
          }
        ],
        "title": "So-and-so wrote on your timeline.**"
      },
      {
        "timestamp": 1577574000,
        "data": [
          {
            "post": "But despite miss"
          }
        ],
        "title": "So-and-so wrote on your timeline.**"
      },
      {
        "timestamp": 1576364400,
        "data": [
          {
            "post": "She bank job may like"
          }
        ],
        "title": "So-and-so wrote on your timeline.**"
      },
      {
        "timestamp": 1576105200,
        "data": [
          {
            "post": "Not field likely"
          }
        ],
        "title": "So-and-so wrote on your timeline.**"
      },
      {
        "timestamp": 1577487600,
        "attachments": [
          {
            "data": [
              {
                "external_context": {
                  "url": "http://www.hicks.com/"
                }
              }
            ]
          }
        ],
        "data": [
          {
            "post": "Drop just situation"
          },
          {
            "update_timestamp": 1576623600
          }
        ],
        "title": "So-and-so wrote on your timeline.**"
      },
      {
        "timestamp": 1577401200,
        "attachments": [
          {
            "data": [
              {
                "external_context": {
                  "url": "http://www.page.com/"
                }
              }
            ]
          }
        ],
        "data": [
          {
            "post": "Off hit too source"
          },
          {
            "update_timestamp": 1578438000
          }
        ],
        "title": "So-and-so wrote on your timeline.**"
      },
      {
        "timestamp": 1577919600,
        "attachments": [
          {
            "data": [
              {
                "external_context": {
                  "url": "http://daniels-brown.org/"
                }
              }
            ]
          }
        ],
        "data": [
          {
            "update_timestamp": 1577660400
          }
        ],
        "title": "So-and-so wrote on your timeline.**"
      },
      {
        "timestamp": 1576796400,
        "data": [
          {
            "post": "Station money town"
          }
        ],
        "title": "So-and-so wrote on your timeline.**"
      },
      {
        "timestamp": 1576882800,
        "data": [
          {
            "post": "Bad arm position high"
          }
        ],
        "title": "So-and-so wrote on your timeline.**"
      },
      {
        "timestamp": 1576796400,
        "attachments": [
          {
            "data": [
              {
                "external_context": {
                  "url": "http://bryant.biz/"
                }
              }
            ]
          }
        ],
        "data": [
          {
            "post": "Evening decision"
          },
          {
            "update_timestamp": 1578092400
          }
        ],
        "title": "So-and-so wrote on your timeline.**"
      },
      {
        "timestamp": 1576969200,
        "attachments": [
          {
            "data": [
              {
                "external_context": {
                  "url": "http://www.petty.net/"
                }
              }
            ]
          }
        ],
        "data": [
          {
            "post": "Play perform many"
          },
          {
            "update_timestamp": 1577055600
          }
        ],
        "title": "So-and-so wrote on your timeline.**"
      },
      {
        "timestamp": 1578524400,
        "data": [
          {
            "post": "Bag camera own night"
          }
        ],
        "title": "So-and-so wrote on your timeline.**"
      },
      {
        "timestamp": 1576623600,
        "data": [
          {
            "post": "Wife significant go"
          }
        ],
        "title": "So-and-so wrote on your timeline.**"
      },
      {
        "timestamp": 1576191600,
        "attachments": [
          {
            "data": [
              {
                "external_context": {
                  "url": "http://skinner-allen.org/"
                }
              }
            ]
          }
        ],
        "data": [
          {
            "update_timestamp": 1577401200
          }
        ],
        "title": "So-and-so wrote on your timeline.**"
      },
      {
        "timestamp": 1576623600,
        "data": [
          {
            "post": "Manager debate quite"
          }
        ],
        "title": "So-and-so wrote on your timeline.**"
      },
      {
        "timestamp": 1578178800,
        "data": [
          {
            "post": "Discussion follow"
          }
        ],
        "title": "So-and-so wrote on your timeline.**"
      },
      {
        "timestamp": 1578006000,
        "data": [
          {
            "post": "Writer order"
          }
        ],
        "title": "So-and-so wrote on your timeline.**"
      },
      {
        "timestamp": 1576710000,
        "attachments": [
          {
            "data": [
              {
                "external_context": {
                  "url": "http://www.fox.org/"
                }
              }
            ]
          }
        ],
        "data": [
          {
            "post": "Change suffer despite"
          },
          {
            "update_timestamp": 1576450800
          }
        ],
        "title": "So-and-so wrote on your timeline.**"
      },
      {
        "timestamp": 1577228400,
        "data": [
          {
            "post": "Various seek"
          }
        ],
        "title": "So-and-so wrote on your timeline.**"
      },
      {
        "timestamp": 1576969200,
        "data": [
          {
            "post": "Season eat whether"
          }
        ],
        "title": "So-and-so wrote on your timeline.**"
      },
      {
        "timestamp": 1576450800,
        "attachments": [
          {
            "data": [
              {
                "external_context": {
                  "url": "https://www.ramirez.com/"
                }
              }
            ]
          }
        ],
        "data": [
          {
            "post": "Have official network"
          },
          {
            "update_timestamp": 1577055600
          }
        ],
        "title": "So-and-so wrote on your timeline.**"
      },
      {
        "timestamp": 1577142000,
        "attachments": [
          {
            "data": [
              {
                "external_context": {
                  "url": "https://www.macias.org/"
                }
              }
            ]
          }
        ],
        "data": [
          {
            "post": "Year article happy"
          },
          {
            "update_timestamp": 1577228400
          }
        ],
        "title": "So-and-so wrote on your timeline.**"
      },
      {
        "timestamp": 1578524400,
        "data": [
          {
            "post": "Own hundred then card"
          }
        ],
        "title": "So-and-so wrote on your timeline.**"
      },
      {
        "timestamp": 1576882800,
        "data": [
          {
            "post": "Board property beat"
          }
        ],
        "title": "So-and-so wrote on your timeline.**"
      },
      {
        "timestamp": 1578265200,
        "data": [
          {
            "post": "Congress modern dark"
          }
        ],
        "title": "So-and-so wrote on your timeline.**"
      },
      {
        "timestamp": 1576105200,
        "data": [
          {
            "post": "Less common agency"
          }
        ],
        "title": "So-and-so wrote on your timeline.**"
      },
      {
        "timestamp": 1577833200,
        "data": [
          {
            "post": "Tonight wife teacher"
          }
        ],
        "title": "So-and-so wrote on your timeline.**"
      },
      {
        "timestamp": 1576537200,
        "data": [
          {
            "post": "Recognize a speak"
          }
        ],
        "title": "So-and-so wrote on your timeline.**"
      },
      {
        "timestamp": 1576796400,
        "data": [
          {
            "post": "Go so place president"
          }
        ],
        "title": "So-and-so wrote on your timeline.**"
      },
      {
        "timestamp": 1576969200,
        "data": [
          {
            "post": "Necessary interview"
          }
        ],
        "title": "So-and-so wrote on your timeline.**"
      },
      {
        "timestamp": 1576796400,
        "data": [
          {
            "post": "Practice pretty"
          }
        ],
        "title": "So-and-so wrote on your timeline.**"
      },
      {
        "timestamp": 1576796400,
        "data": [
          {
            "post": "Area activity red"
          }
        ],
        "title": "So-and-so wrote on your timeline.**"
      },
      {
        "timestamp": 1576623600,
        "data": [
          {
            "post": "Six never gun open"
          }
        ],
        "title": "So-and-so wrote on your timeline.**"
      },
      {
        "timestamp": 1576882800,
        "data": [
          {
            "post": "Free away weight with"
          }
        ],
        "title": "So-and-so wrote on your timeline.**"
      },
      {
        "timestamp": 1576710000,
        "data": [
          {
            "post": "She world rule teach"
          }
        ],
        "title": "So-and-so wrote on your timeline.**"
      },
      {
        "timestamp": 1577919600,
        "data": [
          {
            "post": "Past leave top"
          }
        ],
        "title": "So-and-so wrote on your timeline.**"
      },
      {
        "timestamp": 1577574000,
        "data": [
          {
            "post": "Between TV she month"
          }
        ],
        "title": "So-and-so wrote on your timeline.**"
      },
      {
        "timestamp": 1577574000,
        "data": [
          {
            "post": "Ready lawyer thank"
          }
        ],
        "title": "So-and-so wrote on your timeline.**"
      },
      {
        "timestamp": 1577746800,
        "data": [
          {
            "post": "Everything financial"
          }
        ],
        "title": "So-and-so wrote on your timeline.**"
      },
      {
        "timestamp": 1576105200,
        "data": [
          {
            "post": "To side course"
          }
        ],
        "title": "So-and-so wrote on your timeline.**"
      },
      {
        "timestamp": 1576969200,
        "data": [
          {
            "post": "Service him after"
          }
        ],
        "title": "So-and-so wrote on your timeline.**"
      },
      {
        "timestamp": 1577401200,
        "data": [
          {
            "post": "Free itself step most"
          }
        ],
        "title": "So-and-so wrote on your timeline.**"
      },
      {
        "timestamp": 1576450800,
        "data": [
          {
            "post": "Beat cold country"
          }
        ],
        "title": "So-and-so wrote on your timeline.**"
      },
      {
        "timestamp": 1577574000,
        "data": [
          {
            "post": "Teacher myself nice"
          }
        ],
        "title": "So-and-so wrote on your timeline.**"
      },
      {
        "timestamp": 1578006000,
        "data": [
          {
            "post": "Any bit low"
          }
        ],
        "title": "So-and-so wrote on your timeline.**"
      },
      {
        "timestamp": 1576796400,
        "data": [
          {
            "post": "Particularly economic"
          }
        ],
        "title": "So-and-so wrote on your timeline.**"
      },
      {
        "timestamp": 1577142000,
        "data": [
          {
            "post": "Former popular water"
          }
        ],
        "title": "So-and-so wrote on your timeline.**"
      },
      {
        "timestamp": 1577314800,
        "data": [
          {
            "post": "Close why bar"
          }
        ],
        "title": "So-and-so wrote on your timeline.**"
      },
      {
        "timestamp": 1576191600,
        "data": [
          {
            "post": "Such record book"
          }
        ],
        "title": "So-and-so wrote on your timeline.**"
      },
      {
        "timestamp": 1577401200,
        "data": [
          {
            "post": "Consider another"
          }
        ],
        "title": "So-and-so wrote on your timeline.**"
      },
      {
        "timestamp": 1576623600,
        "data": [
          {
            "post": "Go church whole"
          }
        ],
        "title": "So-and-so wrote on your timeline.**"
      },
      {
        "timestamp": 1576796400,
        "data": [
          {
            "post": "Top more analysis"
          }
        ],
        "title": "So-and-so wrote on your timeline.**"
      },
      {
        "timestamp": 1576623600,
        "attachments": [
          {
            "data": [
              {
                "external_context": {
                  "url": "https://patterson-galvan.com/"
                }
              }
            ]
          }
        ],
        "data": [
          {
            "post": "View east situation"
          },
          {
            "update_timestamp": 1578006000
          }
        ],
        "title": "So-and-so wrote on your timeline.**"
      },
      {
        "timestamp": 1578006000,
        "data": [
          {
            "post": "Base product floor"
          }
        ],
        "title": "So-and-so wrote on your timeline.**"
      },
      {
        "timestamp": 1578438000,
        "data": [
          {
            "post": "Get point either"
          }
        ],
        "title": "So-and-so wrote on your timeline.**"
      },
      {
        "timestamp": 1576278000,
        "data": [
          {
            "post": "Stock son character"
          }
        ],
        "title": "So-and-so wrote on your timeline.**"
      },
      {
        "timestamp": 1576364400,
        "data": [
          {
            "post": "Paper soldier speech"
          }
        ],
        "title": "So-and-so wrote on your timeline.**"
      },
      {
        "timestamp": 1576710000,
        "data": [
          {
            "post": "Low us pick"
          }
        ],
        "title": "So-and-so wrote on your timeline.**"
      },
      {
        "timestamp": 1576278000,
        "data": [
          {
            "post": "Watch really language"
          }
        ],
        "title": "So-and-so wrote on your timeline.**"
      },
      {
        "timestamp": 1576623600,
        "data": [
          {
            "post": "Away turn stage"
          }
        ],
        "title": "So-and-so wrote on your timeline.**"
      },
      {
        "timestamp": 1578265200,
        "data": [
          {
            "post": "Choose couple"
          }
        ],
        "title": "So-and-so wrote on your timeline.**"
      },
      {
        "timestamp": 1577746800,
        "data": [
          {
            "post": "Keep four anyone"
          }
        ],
        "title": "So-and-so wrote on your timeline.**"
      },
      {
        "timestamp": 1578524400,
        "data": [
          {
            "post": "Culture I various"
          }
        ],
        "title": "So-and-so wrote on your timeline.**"
      },
      {
        "timestamp": 1576710000,
        "data": [
          {
            "post": "President natural"
          }
        ],
        "title": "So-and-so wrote on your timeline.**"
      },
      {
        "timestamp": 1578351600,
        "data": [
          {
            "post": "Test and economy hard"
          }
        ],
        "title": "So-and-so wrote on your timeline.**"
      },
      {
        "timestamp": 1577746800,
        "data": [
          {
            "post": "Pay meet deal old arm"
          }
        ],
        "title": "So-and-so wrote on your timeline.**"
      },
      {
        "timestamp": 1577055600,
        "data": [
          {
            "post": "Study begin but wish"
          }
        ],
        "title": "So-and-so wrote on your timeline.**"
      },
      {
        "timestamp": 1576364400,
        "data": [
          {
            "post": "Interview eight head"
          }
        ],
        "title": "So-and-so wrote on your timeline.**"
      },
      {
        "timestamp": 1577055600,
        "data": [
          {
            "post": "Election million"
          }
        ],
        "title": "So-and-so wrote on your timeline.**"
      },
      {
        "timestamp": 1577746800,
        "data": [
          {
            "post": "High media state"
          }
        ],
        "title": "So-and-so wrote on your timeline.**"
      },
      {
        "timestamp": 1578351600,
        "attachments": [
          {
            "data": [
              {
                "external_context": {
                  "url": "https://harris.com/"
                }
              }
            ]
          }
        ],
        "data": [
          {
            "post": "Maintain anyone"
          },
          {
            "update_timestamp": 1578351600
          }
        ],
        "title": "So-and-so wrote on your timeline.**"
      },
      {
        "timestamp": 1577746800,
        "data": [
          {
            "post": "Anyone site no lay"
          }
        ],
        "title": "So-and-so wrote on your timeline.**"
      },
      {
        "timestamp": 1577314800,
        "data": [
          {
            "post": "Do experience large"
          }
        ],
        "title": "So-and-so wrote on your timeline.**"
      },
      {
        "timestamp": 1577401200,
        "data": [
          {
            "post": "Large future support"
          }
        ],
        "title": "So-and-so wrote on your timeline.**"
      },
      {
        "timestamp": 1578265200,
        "data": [
          {
            "post": "Worry down door"
          }
        ],
        "title": "So-and-so wrote on your timeline.**"
      },
      {
        "timestamp": 1578092400,
        "data": [
          {
            "post": "Exactly full put"
          }
        ],
        "title": "So-and-so wrote on your timeline.**"
      },
      {
        "timestamp": 1576105200,
        "data": [
          {
            "post": "Mean teacher wear"
          }
        ],
        "title": "So-and-so wrote on your timeline.**"
      },
      {
        "timestamp": 1577919600,
        "data": [
          {
            "post": "Large expect focus"
          }
        ],
        "title": "So-and-so wrote on your timeline.**"
      },
      {
        "timestamp": 1578092400,
        "data": [
          {
            "post": "By issue stuff"
          }
        ],
        "title": "So-and-so wrote on your timeline.**"
      },
      {
        "timestamp": 1576796400,
        "data": [
          {
            "post": "Statement media"
          }
        ],
        "title": "So-and-so wrote on your timeline.**"
      },
      {
        "timestamp": 1576796400,
        "data": [
          {
            "post": "Morning standard"
          }
        ],
        "title": "So-and-so wrote on your timeline.**"
      },
      {
        "timestamp": 1576882800,
        "data": [
          {
            "post": "Certainly which"
          }
        ],
        "title": "So-and-so wrote on your timeline.**"
      },
      {
        "timestamp": 1576882800,
        "data": [
          {
            "post": "We seek industry cell"
          }
        ],
        "title": "So-and-so wrote on your timeline.**"
      },
      {
        "timestamp": 1577660400,
        "data": [
          {
            "post": "Would ask collection"
          }
        ],
        "title": "So-and-so wrote on your timeline.**"
      },
      {
        "timestamp": 1577660400,
        "data": [
          {
            "post": "Decide firm explain"
          }
        ],
        "title": "So-and-so wrote on your timeline.**"
      },
      {
        "timestamp": 1577142000,
        "data": [
          {
            "post": "Detail product early"
          }
        ],
        "title": "So-and-so wrote on your timeline.**"
      },
      {
        "timestamp": 1576191600,
        "data": [
          {
            "post": "Hear vote candidate"
          }
        ],
        "title": "So-and-so wrote on your timeline.**"
      },
      {
        "timestamp": 1576623600,
        "data": [
          {
            "post": "Visit teacher"
          }
        ],
        "title": "So-and-so wrote on your timeline.**"
      },
      {
        "timestamp": 1578006000,
        "data": [
          {
            "post": "Agent he party expert"
          }
        ],
        "title": "So-and-so wrote on your timeline.**"
      },
      {
        "timestamp": 1577919600,
        "data": [
          {
            "post": "Purpose cost number"
          }
        ],
        "title": "So-and-so wrote on your timeline.**"
      },
      {
        "timestamp": 1576191600,
        "data": [
          {
            "post": "Her simply yard"
          }
        ],
        "title": "So-and-so wrote on your timeline.**"
      },
      {
        "timestamp": 1576796400,
        "data": [
          {
            "post": "They else team"
          }
        ],
        "title": "So-and-so wrote on your timeline.**"
      },
      {
        "timestamp": 1576278000,
        "data": [
          {
            "post": "Surface factor skin"
          }
        ],
        "title": "So-and-so wrote on your timeline.**"
      },
      {
        "timestamp": 1576969200,
        "data": [
          {
            "post": "Course I rest watch"
          }
        ],
        "title": "So-and-so wrote on your timeline.**"
      },
      {
        "timestamp": 1577833200,
        "data": [
          {
            "post": "Senior long age blood"
          }
        ],
        "title": "So-and-so wrote on your timeline.**"
      },
      {
        "timestamp": 1577401200,
        "data": [
          {
            "post": "Drop anything anyone"
          }
        ],
        "title": "So-and-so wrote on your timeline.**"
      },
      {
        "timestamp": 1577660400,
        "data": [
          {
            "post": "Least fill people"
          }
        ],
        "title": "So-and-so wrote on your timeline.**"
      },
      {
        "timestamp": 1576623600,
        "data": [
          {
            "post": "Old crime former"
          }
        ],
        "title": "So-and-so wrote on your timeline.**"
      },
      {
        "timestamp": 1576710000,
        "data": [
          {
            "post": "Life free mean point"
          }
        ],
        "title": "So-and-so wrote on your timeline.**"
      },
      {
        "timestamp": 1577314800,
        "data": [
          {
            "post": "Music right strategy"
          }
        ],
        "title": "So-and-so wrote on your timeline.**"
      },
      {
        "timestamp": 1577746800,
        "data": [
          {
            "post": "Child after end him"
          }
        ],
        "title": "So-and-so wrote on your timeline.**"
      },
      {
        "timestamp": 1577919600,
        "data": [
          {
            "post": "Seat drive prepare"
          }
        ],
        "title": "So-and-so wrote on your timeline.**"
      },
      {
        "timestamp": 1578006000,
        "data": [
          {
            "post": "Too purpose magazine"
          }
        ],
        "title": "So-and-so wrote on your timeline.**"
      },
      {
        "timestamp": 1576450800,
        "data": [
          {
            "post": "Better tax who reveal"
          }
        ],
        "title": "So-and-so wrote on your timeline.**"
      },
      {
        "timestamp": 1576710000,
        "data": [
          {
            "post": "Field range great"
          }
        ],
        "title": "So-and-so wrote on your timeline.**"
      },
      {
        "timestamp": 1578351600,
        "data": [
          {
            "post": "Everyone establish"
          }
        ],
        "title": "So-and-so wrote on your timeline.**"
      },
      {
        "timestamp": 1576364400,
        "data": [
          {
            "post": "Two reduce respond"
          }
        ],
        "title": "So-and-so wrote on your timeline.**"
      },
      {
        "timestamp": 1578524400,
        "data": [
          {
            "post": "Clearly all free"
          }
        ],
        "title": "So-and-so wrote on your timeline.**"
      },
      {
        "timestamp": 1576882800,
        "data": [
          {
            "post": "Represent"
          }
        ],
        "title": "So-and-so wrote on your timeline.**"
      },
      {
        "timestamp": 1576969200,
        "data": [
          {
            "post": "Exactly guy city east"
          }
        ],
        "title": "So-and-so wrote on your timeline.**"
      },
      {
        "timestamp": 1577487600,
        "data": [
          {
            "post": "Rate benefit cold lay"
          }
        ],
        "title": "So-and-so wrote on your timeline.**"
      },
      {
        "timestamp": 1576710000,
        "data": [
          {
            "post": "Indeed road exist"
          }
        ],
        "title": "So-and-so wrote on your timeline.**"
      },
      {
        "timestamp": 1576105200,
        "data": [
          {
            "post": "Western something"
          }
        ],
        "title": "So-and-so wrote on your timeline.**"
      },
      {
        "timestamp": 1578006000,
        "data": [
          {
            "post": "Assume blue set card"
          }
        ],
        "title": "So-and-so wrote on your timeline.**"
      },
      {
        "timestamp": 1577746800,
        "data": [
          {
            "post": "Call arrive her nor"
          }
        ],
        "title": "So-and-so wrote on your timeline.**"
      },
      {
        "timestamp": 1577401200,
        "data": [
          {
            "post": "Usually raise college"
          }
        ],
        "title": "So-and-so wrote on your timeline.**"
      },
      {
        "timestamp": 1578524400,
        "data": [
          {
            "post": "Develop positive get"
          }
        ],
        "title": "So-and-so wrote on your timeline.**"
      },
      {
        "timestamp": 1577314800,
        "data": [
          {
            "post": "From sea inside exist"
          }
        ],
        "title": "So-and-so wrote on your timeline.**"
      },
      {
        "timestamp": 1577574000,
        "data": [
          {
            "post": "Arrive ground real"
          }
        ],
        "title": "So-and-so wrote on your timeline.**"
      },
      {
        "timestamp": 1578438000,
        "data": [
          {
            "post": "Change measure region"
          }
        ],
        "title": "So-and-so wrote on your timeline.**"
      },
      {
        "timestamp": 1577833200,
        "data": [
          {
            "post": "President on building"
          }
        ],
        "title": "So-and-so wrote on your timeline.**"
      },
      {
        "timestamp": 1576623600,
        "data": [
          {
            "post": "What grow design"
          }
        ],
        "title": "So-and-so wrote on your timeline.**"
      },
      {
        "timestamp": 1576450800,
        "data": [
          {
            "post": "Five evening me agent"
          }
        ],
        "title": "So-and-so wrote on your timeline.**"
      },
      {
        "timestamp": 1576796400,
        "data": [
          {
            "post": "Food another also"
          }
        ],
        "title": "So-and-so wrote on your timeline.**"
      },
      {
        "timestamp": 1577055600,
        "attachments": [
          {
            "data": [
              {
                "external_context": {
                  "url": "https://www.smith-tate.com/"
                }
              }
            ]
          }
        ],
        "data": [
          {
            "update_timestamp": 1577746800
          }
        ],
        "title": "So-and-so wrote on your timeline.**"
      },
      {
        "timestamp": 1576105200,
        "data": [
          {
            "post": "Image pick box former"
          }
        ],
        "title": "So-and-so wrote on your timeline.**"
      },
      {
        "timestamp": 1576710000,
        "data": [
          {
            "post": "Author age left color"
          }
        ],
        "title": "So-and-so wrote on your timeline.**"
      },
      {
        "timestamp": 1576623600,
        "data": [
          {
            "post": "Conference girl your"
          }
        ],
        "title": "So-and-so wrote on your timeline.**"
      },
      {
        "timestamp": 1578178800,
        "data": [
          {
            "post": "Democratic drop"
          }
        ],
        "title": "So-and-so wrote on your timeline.**"
      },
      {
        "timestamp": 1577660400,
        "data": [
          {
            "post": "American plan the"
          }
        ],
        "title": "So-and-so wrote on your timeline.**"
      },
      {
        "timestamp": 1577055600,
        "data": [
          {
            "post": "Trial dog quickly"
          }
        ],
        "title": "So-and-so wrote on your timeline.**"
      },
      {
        "timestamp": 1578265200,
        "data": [
          {
            "post": "Move nature agreement"
          }
        ],
        "title": "So-and-so wrote on your timeline.**"
      },
      {
        "timestamp": 1576537200,
        "data": [
          {
            "post": "How quality style law"
          }
        ],
        "title": "So-and-so wrote on your timeline.**"
      },
      {
        "timestamp": 1577055600,
        "data": [
          {
            "post": "End leg yet trial"
          }
        ],
        "title": "So-and-so wrote on your timeline.**"
      },
      {
        "timestamp": 1576450800,
        "data": [
          {
            "post": "Growth skill when"
          }
        ],
        "title": "So-and-so wrote on your timeline.**"
      },
      {
        "timestamp": 1576796400,
        "data": [
          {
            "post": "Better medical"
          }
        ],
        "title": "So-and-so wrote on your timeline.**"
      },
      {
        "timestamp": 1577401200,
        "data": [
          {
            "post": "Thought bed bed play"
          }
        ],
        "title": "So-and-so wrote on your timeline.**"
      },
      {
        "timestamp": 1578006000,
        "data": [
          {
            "post": "Recently high beyond"
          }
        ],
        "title": "So-and-so wrote on your timeline.**"
      },
      {
        "timestamp": 1577574000,
        "data": [
          {
            "post": "Parent kind choose"
          }
        ],
        "title": "So-and-so wrote on your timeline.**"
      },
      {
        "timestamp": 1577660400,
        "data": [
          {
            "post": "Lose red suggest"
          }
        ],
        "title": "So-and-so wrote on your timeline.**"
      },
      {
        "timestamp": 1577574000,
        "data": [
          {
            "post": "Sea job serious their"
          }
        ],
        "title": "So-and-so wrote on your timeline.**"
      },
      {
        "timestamp": 1578524400,
        "data": [
          {
            "post": "Investment station"
          }
        ],
        "title": "So-and-so wrote on your timeline.**"
      },
      {
        "timestamp": 1577314800,
        "data": [
          {
            "post": "Trade society center"
          }
        ],
        "title": "So-and-so wrote on your timeline.**"
      },
      {
        "timestamp": 1576364400,
        "data": [
          {
            "post": "Him way drug form"
          }
        ],
        "title": "So-and-so wrote on your timeline.**"
      },
      {
        "timestamp": 1577660400,
        "data": [
          {
            "post": "Majority night until"
          }
        ],
        "title": "So-and-so wrote on your timeline.**"
      },
      {
        "timestamp": 1577142000,
        "data": [
          {
            "post": "Whole southern window"
          }
        ],
        "title": "So-and-so wrote on your timeline.**"
      },
      {
        "timestamp": 1576796400,
        "data": [
          {
            "post": "Peace card collection"
          }
        ],
        "title": "So-and-so wrote on your timeline.**"
      },
      {
        "timestamp": 1576364400,
        "data": [
          {
            "post": "From role sister"
          }
        ],
        "title": "So-and-so wrote on your timeline.**"
      },
      {
        "timestamp": 1576537200,
        "data": [
          {
            "post": "Occur family sell"
          }
        ],
        "title": "So-and-so wrote on your timeline.**"
      },
      {
        "timestamp": 1577228400,
        "data": [
          {
            "post": "Green area page must"
          }
        ],
        "title": "So-and-so wrote on your timeline.**"
      },
      {
        "timestamp": 1576623600,
        "data": [
          {
            "post": "Whether your enter"
          }
        ],
        "title": "So-and-so wrote on your timeline.**"
      },
      {
        "timestamp": 1578351600,
        "data": [
          {
            "post": "Difference occur onto"
          }
        ],
        "title": "So-and-so wrote on your timeline.**"
      },
      {
        "timestamp": 1578265200,
        "data": [
          {
            "post": "Network them box cup"
          }
        ],
        "title": "So-and-so wrote on your timeline.**"
      },
      {
        "timestamp": 1577142000,
        "data": [
          {
            "post": "Western like radio"
          }
        ],
        "title": "So-and-so wrote on your timeline.**"
      },
      {
        "timestamp": 1578006000,
        "data": [
          {
            "post": "Event amount series"
          }
        ],
        "title": "So-and-so wrote on your timeline.**"
      },
      {
        "timestamp": 1577487600,
        "data": [
          {
            "post": "Activity our report"
          }
        ],
        "title": "So-and-so wrote on your timeline.**"
      },
      {
        "timestamp": 1576537200,
        "data": [
          {
            "post": "Defense research head"
          }
        ],
        "title": "So-and-so wrote on your timeline.**"
      },
      {
        "timestamp": 1576882800,
        "data": [
          {
            "post": "Public hard board"
          }
        ],
        "title": "So-and-so wrote on your timeline.**"
      },
      {
        "timestamp": 1577314800,
        "data": [
          {
            "post": "Talk film cold boy"
          }
        ],
        "title": "So-and-so wrote on your timeline.**"
      },
      {
        "timestamp": 1576623600,
        "data": [
          {
            "post": "Player kid physical"
          }
        ],
        "title": "So-and-so wrote on your timeline.**"
      },
      {
        "timestamp": 1577142000,
        "data": [],
        "title": "So-and-so wrote on your timeline.**"
      },
      {
        "timestamp": 1576623600,
        "data": [
          {
            "post": "Man two serious would"
          }
        ],
        "title": "So-and-so wrote on your timeline.**"
      },
      {
        "timestamp": 1577401200,
        "data": [
          {
            "post": "Maintain process"
          }
        ],
        "title": "So-and-so wrote on your timeline.**"
      },
      {
        "timestamp": 1578178800,
        "data": [
          {
            "post": "Everybody arm like"
          }
        ],
        "title": "So-and-so wrote on your timeline.**"
      },
      {
        "timestamp": 1576623600,
        "data": [
          {
            "post": "Room outside between"
          }
        ],
        "title": "So-and-so wrote on your timeline.**"
      },
      {
        "timestamp": 1577142000,
        "data": [
          {
            "post": "Remember soldier"
          }
        ],
        "title": "So-and-so wrote on your timeline.**"
      },
      {
        "timestamp": 1576882800,
        "data": [
          {
            "post": "Vote how thus test"
          }
        ],
        "title": "So-and-so wrote on your timeline.**"
      },
      {
        "timestamp": 1577142000,
        "data": [
          {
            "post": "Pay event account"
          }
        ],
        "title": "So-and-so wrote on your timeline.**"
      },
      {
        "timestamp": 1577487600,
        "data": [
          {
            "post": "Understand can"
          }
        ],
        "title": "So-and-so wrote on your timeline.**"
      },
      {
        "timestamp": 1576623600,
        "data": [
          {
            "post": "Popular body forward"
          }
        ],
        "title": "So-and-so wrote on your timeline.**"
      },
      {
        "timestamp": 1576278000,
        "data": [
          {
            "post": "Coach college student"
          }
        ],
        "title": "So-and-so wrote on your timeline.**"
      },
      {
        "timestamp": 1578351600,
        "data": [
          {
            "post": "Worker road draw"
          }
        ],
        "title": "So-and-so wrote on your timeline.**"
      },
      {
        "timestamp": 1577314800,
        "data": [
          {
            "post": "Total nothing leg"
          }
        ],
        "title": "So-and-so wrote on your timeline.**"
      },
      {
        "timestamp": 1576537200,
        "data": [
          {
            "post": "Expect staff"
          }
        ],
        "title": "So-and-so wrote on your timeline.**"
      },
      {
        "timestamp": 1577055600,
        "data": [
          {
            "post": "Treatment type"
          }
        ],
        "title": "So-and-so wrote on your timeline.**"
      },
      {
        "timestamp": 1578351600,
        "data": [
          {
            "post": "Technology job as"
          }
        ],
        "title": "So-and-so wrote on your timeline.**"
      },
      {
        "timestamp": 1576364400,
        "data": [
          {
            "post": "Level air just beyond"
          }
        ],
        "title": "So-and-so wrote on your timeline.**"
      },
      {
        "timestamp": 1577746800,
        "data": [
          {
            "post": "Manager practice"
          }
        ],
        "title": "So-and-so wrote on your timeline.**"
      },
      {
        "timestamp": 1576537200,
        "data": [
          {
            "post": "Ask project court"
          }
        ],
        "title": "So-and-so wrote on your timeline.**"
      },
      {
        "timestamp": 1576105200,
        "data": [
          {
            "post": "Remain plan effect TV"
          }
        ],
        "title": "So-and-so wrote on your timeline.**"
      },
      {
        "timestamp": 1577055600,
        "data": [
          {
            "post": "System similar"
          }
        ],
        "title": "So-and-so wrote on your timeline.**"
      },
      {
        "timestamp": 1577574000,
        "data": [
          {
            "post": "Call police shake"
          }
        ],
        "title": "So-and-so wrote on your timeline.**"
      },
      {
        "timestamp": 1578438000,
        "data": [
          {
            "post": "Effect ten speech"
          }
        ],
        "title": "So-and-so wrote on your timeline.**"
      },
      {
        "timestamp": 1578351600,
        "data": [
          {
            "post": "Behavior picture"
          }
        ],
        "title": "So-and-so wrote on your timeline.**"
      },
      {
        "timestamp": 1577660400,
        "data": [
          {
            "post": "Couple clear again"
          }
        ],
        "title": "So-and-so wrote on your timeline.**"
      },
      {
        "timestamp": 1577487600,
        "data": [
          {
            "post": "Agreement red door"
          }
        ],
        "title": "So-and-so wrote on your timeline.**"
      },
      {
        "timestamp": 1576623600,
        "data": [
          {
            "post": "Paper especially sea"
          }
        ],
        "title": "So-and-so wrote on your timeline.**"
      }
    ]
  }
}